ERROR - 2026-05-08 12:03:48 --> Error connecting to the database: mysqli_sql_exception: No such file or directory in /home/main/Documents/GitHub/Regime_vrai/system/Database/MySQLi/Connection.php:201
Stack trace:
#0 /home/main/Documents/GitHub/Regime_vrai/system/Database/MySQLi/Connection.php(201): mysqli->real_connect()
#1 /home/main/Documents/GitHub/Regime_vrai/system/Database/BaseConnection.php(555): CodeIgniter\Database\MySQLi\Connection->connect()
#2 /home/main/Documents/GitHub/Regime_vrai/system/Database/BaseConnection.php(795): CodeIgniter\Database\BaseConnection->initialize()
#3 /home/main/Documents/GitHub/Regime_vrai/system/Database/BaseBuilder.php(1649): CodeIgniter\Database\BaseConnection->query()
#4 /home/main/Documents/GitHub/Regime_vrai/system/Model.php(253): CodeIgniter\Database\BaseBuilder->get()
#5 /home/main/Documents/GitHub/Regime_vrai/system/BaseModel.php(676): CodeIgniter\Model->doFindAll()
#6 /home/main/Documents/GitHub/Regime_vrai/app/Controllers/RegimeController.php(20): CodeIgniter\BaseModel->findAll()
#7 /home/main/Documents/GitHub/Regime_vrai/system/CodeIgniter.php(951): App\Controllers\RegimeController->go_to_regime()
#8 /home/main/Documents/GitHub/Regime_vrai/system/CodeIgniter.php(497): CodeIgniter\CodeIgniter->runController()
#9 /home/main/Documents/GitHub/Regime_vrai/system/CodeIgniter.php(340): CodeIgniter\CodeIgniter->handleRequest()
#10 /home/main/Documents/GitHub/Regime_vrai/system/Boot.php(417): CodeIgniter\CodeIgniter->run()
#11 /home/main/Documents/GitHub/Regime_vrai/system/Boot.php(68): CodeIgniter\Boot::runCodeIgniter()
#12 /home/main/Documents/GitHub/Regime_vrai/public/index.php(59): CodeIgniter\Boot::bootWeb()
#13 {main}

Next CodeIgniter\Database\Exceptions\DatabaseException: No such file or directory in /home/main/Documents/GitHub/Regime_vrai/system/Database/MySQLi/Connection.php:231
Stack trace:
#0 /home/main/Documents/GitHub/Regime_vrai/system/Database/BaseConnection.php(555): CodeIgniter\Database\MySQLi\Connection->connect()
#1 /home/main/Documents/GitHub/Regime_vrai/system/Database/BaseConnection.php(795): CodeIgniter\Database\BaseConnection->initialize()
#2 /home/main/Documents/GitHub/Regime_vrai/system/Database/BaseBuilder.php(1649): CodeIgniter\Database\BaseConnection->query()
#3 /home/main/Documents/GitHub/Regime_vrai/system/Model.php(253): CodeIgniter\Database\BaseBuilder->get()
#4 /home/main/Documents/GitHub/Regime_vrai/system/BaseModel.php(676): CodeIgniter\Model->doFindAll()
#5 /home/main/Documents/GitHub/Regime_vrai/app/Controllers/RegimeController.php(20): CodeIgniter\BaseModel->findAll()
#6 /home/main/Documents/GitHub/Regime_vrai/system/CodeIgniter.php(951): App\Controllers\RegimeController->go_to_regime()
#7 /home/main/Documents/GitHub/Regime_vrai/system/CodeIgniter.php(497): CodeIgniter\CodeIgniter->runController()
#8 /home/main/Documents/GitHub/Regime_vrai/system/CodeIgniter.php(340): CodeIgniter\CodeIgniter->handleRequest()
#9 /home/main/Documents/GitHub/Regime_vrai/system/Boot.php(417): CodeIgniter\CodeIgniter->run()
#10 /home/main/Documents/GitHub/Regime_vrai/system/Boot.php(68): CodeIgniter\Boot::runCodeIgniter()
#11 /home/main/Documents/GitHub/Regime_vrai/public/index.php(59): CodeIgniter\Boot::bootWeb()
#12 {main}
CRITICAL - 2026-05-08 12:03:48 --> CodeIgniter\Database\Exceptions\DatabaseException: Unable to connect to the database.
Main connection [MySQLi]: No such file or directory
[Method: GET, Route: /]
in SYSTEMPATH/Database/BaseConnection.php on line 606.
 1 SYSTEMPATH/Database/BaseConnection.php(795): CodeIgniter\Database\BaseConnection->initialize()
 2 SYSTEMPATH/Database/BaseBuilder.php(1649): CodeIgniter\Database\BaseConnection->query()
 3 SYSTEMPATH/Model.php(253): CodeIgniter\Database\BaseBuilder->get()
 4 SYSTEMPATH/BaseModel.php(676): CodeIgniter\Model->doFindAll()
 5 APPPATH/Controllers/RegimeController.php(20): CodeIgniter\BaseModel->findAll()
 6 SYSTEMPATH/CodeIgniter.php(951): App\Controllers\RegimeController->go_to_regime()
 7 SYSTEMPATH/CodeIgniter.php(497): CodeIgniter\CodeIgniter->runController()
 8 SYSTEMPATH/CodeIgniter.php(340): CodeIgniter\CodeIgniter->handleRequest()
 9 SYSTEMPATH/Boot.php(417): CodeIgniter\CodeIgniter->run()
10 SYSTEMPATH/Boot.php(68): CodeIgniter\Boot::runCodeIgniter()
11 FCPATH/index.php(59): CodeIgniter\Boot::bootWeb()
ERROR - 2026-05-08 12:03:49 --> Error connecting to the database: mysqli_sql_exception: No such file or directory in /home/main/Documents/GitHub/Regime_vrai/system/Database/MySQLi/Connection.php:201
Stack trace:
#0 /home/main/Documents/GitHub/Regime_vrai/system/Database/MySQLi/Connection.php(201): mysqli->real_connect()
#1 /home/main/Documents/GitHub/Regime_vrai/system/Database/BaseConnection.php(555): CodeIgniter\Database\MySQLi\Connection->connect()
#2 /home/main/Documents/GitHub/Regime_vrai/system/Database/BaseConnection.php(795): CodeIgniter\Database\BaseConnection->initialize()
#3 /home/main/Documents/GitHub/Regime_vrai/system/Database/BaseBuilder.php(1649): CodeIgniter\Database\BaseConnection->query()
#4 /home/main/Documents/GitHub/Regime_vrai/system/Model.php(253): CodeIgniter\Database\BaseBuilder->get()
#5 /home/main/Documents/GitHub/Regime_vrai/system/BaseModel.php(676): CodeIgniter\Model->doFindAll()
#6 /home/main/Documents/GitHub/Regime_vrai/app/Controllers/RegimeController.php(20): CodeIgniter\BaseModel->findAll()
#7 /home/main/Documents/GitHub/Regime_vrai/system/CodeIgniter.php(951): App\Controllers\RegimeController->go_to_regime()
#8 /home/main/Documents/GitHub/Regime_vrai/system/CodeIgniter.php(497): CodeIgniter\CodeIgniter->runController()
#9 /home/main/Documents/GitHub/Regime_vrai/system/CodeIgniter.php(340): CodeIgniter\CodeIgniter->handleRequest()
#10 /home/main/Documents/GitHub/Regime_vrai/system/Boot.php(417): CodeIgniter\CodeIgniter->run()
#11 /home/main/Documents/GitHub/Regime_vrai/system/Boot.php(68): CodeIgniter\Boot::runCodeIgniter()
#12 /home/main/Documents/GitHub/Regime_vrai/public/index.php(59): CodeIgniter\Boot::bootWeb()
#13 {main}

Next CodeIgniter\Database\Exceptions\DatabaseException: No such file or directory in /home/main/Documents/GitHub/Regime_vrai/system/Database/MySQLi/Connection.php:231
Stack trace:
#0 /home/main/Documents/GitHub/Regime_vrai/system/Database/BaseConnection.php(555): CodeIgniter\Database\MySQLi\Connection->connect()
#1 /home/main/Documents/GitHub/Regime_vrai/system/Database/BaseConnection.php(795): CodeIgniter\Database\BaseConnection->initialize()
#2 /home/main/Documents/GitHub/Regime_vrai/system/Database/BaseBuilder.php(1649): CodeIgniter\Database\BaseConnection->query()
#3 /home/main/Documents/GitHub/Regime_vrai/system/Model.php(253): CodeIgniter\Database\BaseBuilder->get()
#4 /home/main/Documents/GitHub/Regime_vrai/system/BaseModel.php(676): CodeIgniter\Model->doFindAll()
#5 /home/main/Documents/GitHub/Regime_vrai/app/Controllers/RegimeController.php(20): CodeIgniter\BaseModel->findAll()
#6 /home/main/Documents/GitHub/Regime_vrai/system/CodeIgniter.php(951): App\Controllers\RegimeController->go_to_regime()
#7 /home/main/Documents/GitHub/Regime_vrai/system/CodeIgniter.php(497): CodeIgniter\CodeIgniter->runController()
#8 /home/main/Documents/GitHub/Regime_vrai/system/CodeIgniter.php(340): CodeIgniter\CodeIgniter->handleRequest()
#9 /home/main/Documents/GitHub/Regime_vrai/system/Boot.php(417): CodeIgniter\CodeIgniter->run()
#10 /home/main/Documents/GitHub/Regime_vrai/system/Boot.php(68): CodeIgniter\Boot::runCodeIgniter()
#11 /home/main/Documents/GitHub/Regime_vrai/public/index.php(59): CodeIgniter\Boot::bootWeb()
#12 {main}
CRITICAL - 2026-05-08 12:03:49 --> CodeIgniter\Database\Exceptions\DatabaseException: Unable to connect to the database.
Main connection [MySQLi]: No such file or directory
[Method: GET, Route: /]
in SYSTEMPATH/Database/BaseConnection.php on line 606.
 1 SYSTEMPATH/Database/BaseConnection.php(795): CodeIgniter\Database\BaseConnection->initialize()
 2 SYSTEMPATH/Database/BaseBuilder.php(1649): CodeIgniter\Database\BaseConnection->query()
 3 SYSTEMPATH/Model.php(253): CodeIgniter\Database\BaseBuilder->get()
 4 SYSTEMPATH/BaseModel.php(676): CodeIgniter\Model->doFindAll()
 5 APPPATH/Controllers/RegimeController.php(20): CodeIgniter\BaseModel->findAll()
 6 SYSTEMPATH/CodeIgniter.php(951): App\Controllers\RegimeController->go_to_regime()
 7 SYSTEMPATH/CodeIgniter.php(497): CodeIgniter\CodeIgniter->runController()
 8 SYSTEMPATH/CodeIgniter.php(340): CodeIgniter\CodeIgniter->handleRequest()
 9 SYSTEMPATH/Boot.php(417): CodeIgniter\CodeIgniter->run()
10 SYSTEMPATH/Boot.php(68): CodeIgniter\Boot::runCodeIgniter()
11 FCPATH/index.php(59): CodeIgniter\Boot::bootWeb()
ERROR - 2026-05-08 12:03:54 --> Error connecting to the database: mysqli_sql_exception: No such file or directory in /home/main/Documents/GitHub/Regime_vrai/system/Database/MySQLi/Connection.php:201
Stack trace:
#0 /home/main/Documents/GitHub/Regime_vrai/system/Database/MySQLi/Connection.php(201): mysqli->real_connect()
#1 /home/main/Documents/GitHub/Regime_vrai/system/Database/BaseConnection.php(555): CodeIgniter\Database\MySQLi\Connection->connect()
#2 /home/main/Documents/GitHub/Regime_vrai/system/Database/BaseConnection.php(795): CodeIgniter\Database\BaseConnection->initialize()
#3 /home/main/Documents/GitHub/Regime_vrai/system/Database/BaseBuilder.php(1649): CodeIgniter\Database\BaseConnection->query()
#4 /home/main/Documents/GitHub/Regime_vrai/system/Model.php(253): CodeIgniter\Database\BaseBuilder->get()
#5 /home/main/Documents/GitHub/Regime_vrai/system/BaseModel.php(676): CodeIgniter\Model->doFindAll()
#6 /home/main/Documents/GitHub/Regime_vrai/app/Controllers/RegimeController.php(20): CodeIgniter\BaseModel->findAll()
#7 /home/main/Documents/GitHub/Regime_vrai/system/CodeIgniter.php(951): App\Controllers\RegimeController->go_to_regime()
#8 /home/main/Documents/GitHub/Regime_vrai/system/CodeIgniter.php(497): CodeIgniter\CodeIgniter->runController()
#9 /home/main/Documents/GitHub/Regime_vrai/system/CodeIgniter.php(340): CodeIgniter\CodeIgniter->handleRequest()
#10 /home/main/Documents/GitHub/Regime_vrai/system/Boot.php(417): CodeIgniter\CodeIgniter->run()
#11 /home/main/Documents/GitHub/Regime_vrai/system/Boot.php(68): CodeIgniter\Boot::runCodeIgniter()
#12 /home/main/Documents/GitHub/Regime_vrai/public/index.php(59): CodeIgniter\Boot::bootWeb()
#13 {main}

Next CodeIgniter\Database\Exceptions\DatabaseException: No such file or directory in /home/main/Documents/GitHub/Regime_vrai/system/Database/MySQLi/Connection.php:231
Stack trace:
#0 /home/main/Documents/GitHub/Regime_vrai/system/Database/BaseConnection.php(555): CodeIgniter\Database\MySQLi\Connection->connect()
#1 /home/main/Documents/GitHub/Regime_vrai/system/Database/BaseConnection.php(795): CodeIgniter\Database\BaseConnection->initialize()
#2 /home/main/Documents/GitHub/Regime_vrai/system/Database/BaseBuilder.php(1649): CodeIgniter\Database\BaseConnection->query()
#3 /home/main/Documents/GitHub/Regime_vrai/system/Model.php(253): CodeIgniter\Database\BaseBuilder->get()
#4 /home/main/Documents/GitHub/Regime_vrai/system/BaseModel.php(676): CodeIgniter\Model->doFindAll()
#5 /home/main/Documents/GitHub/Regime_vrai/app/Controllers/RegimeController.php(20): CodeIgniter\BaseModel->findAll()
#6 /home/main/Documents/GitHub/Regime_vrai/system/CodeIgniter.php(951): App\Controllers\RegimeController->go_to_regime()
#7 /home/main/Documents/GitHub/Regime_vrai/system/CodeIgniter.php(497): CodeIgniter\CodeIgniter->runController()
#8 /home/main/Documents/GitHub/Regime_vrai/system/CodeIgniter.php(340): CodeIgniter\CodeIgniter->handleRequest()
#9 /home/main/Documents/GitHub/Regime_vrai/system/Boot.php(417): CodeIgniter\CodeIgniter->run()
#10 /home/main/Documents/GitHub/Regime_vrai/system/Boot.php(68): CodeIgniter\Boot::runCodeIgniter()
#11 /home/main/Documents/GitHub/Regime_vrai/public/index.php(59): CodeIgniter\Boot::bootWeb()
#12 {main}
CRITICAL - 2026-05-08 12:03:54 --> CodeIgniter\Database\Exceptions\DatabaseException: Unable to connect to the database.
Main connection [MySQLi]: No such file or directory
[Method: GET, Route: /]
in SYSTEMPATH/Database/BaseConnection.php on line 606.
 1 SYSTEMPATH/Database/BaseConnection.php(795): CodeIgniter\Database\BaseConnection->initialize()
 2 SYSTEMPATH/Database/BaseBuilder.php(1649): CodeIgniter\Database\BaseConnection->query()
 3 SYSTEMPATH/Model.php(253): CodeIgniter\Database\BaseBuilder->get()
 4 SYSTEMPATH/BaseModel.php(676): CodeIgniter\Model->doFindAll()
 5 APPPATH/Controllers/RegimeController.php(20): CodeIgniter\BaseModel->findAll()
 6 SYSTEMPATH/CodeIgniter.php(951): App\Controllers\RegimeController->go_to_regime()
 7 SYSTEMPATH/CodeIgniter.php(497): CodeIgniter\CodeIgniter->runController()
 8 SYSTEMPATH/CodeIgniter.php(340): CodeIgniter\CodeIgniter->handleRequest()
 9 SYSTEMPATH/Boot.php(417): CodeIgniter\CodeIgniter->run()
10 SYSTEMPATH/Boot.php(68): CodeIgniter\Boot::runCodeIgniter()
11 FCPATH/index.php(59): CodeIgniter\Boot::bootWeb()
ERROR - 2026-05-08 12:03:54 --> Error connecting to the database: mysqli_sql_exception: No such file or directory in /home/main/Documents/GitHub/Regime_vrai/system/Database/MySQLi/Connection.php:201
Stack trace:
#0 /home/main/Documents/GitHub/Regime_vrai/system/Database/MySQLi/Connection.php(201): mysqli->real_connect()
#1 /home/main/Documents/GitHub/Regime_vrai/system/Database/BaseConnection.php(555): CodeIgniter\Database\MySQLi\Connection->connect()
#2 /home/main/Documents/GitHub/Regime_vrai/system/Database/BaseConnection.php(795): CodeIgniter\Database\BaseConnection->initialize()
#3 /home/main/Documents/GitHub/Regime_vrai/system/Database/BaseBuilder.php(1649): CodeIgniter\Database\BaseConnection->query()
#4 /home/main/Documents/GitHub/Regime_vrai/system/Model.php(253): CodeIgniter\Database\BaseBuilder->get()
#5 /home/main/Documents/GitHub/Regime_vrai/system/BaseModel.php(676): CodeIgniter\Model->doFindAll()
#6 /home/main/Documents/GitHub/Regime_vrai/app/Controllers/RegimeController.php(20): CodeIgniter\BaseModel->findAll()
#7 /home/main/Documents/GitHub/Regime_vrai/system/CodeIgniter.php(951): App\Controllers\RegimeController->go_to_regime()
#8 /home/main/Documents/GitHub/Regime_vrai/system/CodeIgniter.php(497): CodeIgniter\CodeIgniter->runController()
#9 /home/main/Documents/GitHub/Regime_vrai/system/CodeIgniter.php(340): CodeIgniter\CodeIgniter->handleRequest()
#10 /home/main/Documents/GitHub/Regime_vrai/system/Boot.php(417): CodeIgniter\CodeIgniter->run()
#11 /home/main/Documents/GitHub/Regime_vrai/system/Boot.php(68): CodeIgniter\Boot::runCodeIgniter()
#12 /home/main/Documents/GitHub/Regime_vrai/public/index.php(59): CodeIgniter\Boot::bootWeb()
#13 {main}

Next CodeIgniter\Database\Exceptions\DatabaseException: No such file or directory in /home/main/Documents/GitHub/Regime_vrai/system/Database/MySQLi/Connection.php:231
Stack trace:
#0 /home/main/Documents/GitHub/Regime_vrai/system/Database/BaseConnection.php(555): CodeIgniter\Database\MySQLi\Connection->connect()
#1 /home/main/Documents/GitHub/Regime_vrai/system/Database/BaseConnection.php(795): CodeIgniter\Database\BaseConnection->initialize()
#2 /home/main/Documents/GitHub/Regime_vrai/system/Database/BaseBuilder.php(1649): CodeIgniter\Database\BaseConnection->query()
#3 /home/main/Documents/GitHub/Regime_vrai/system/Model.php(253): CodeIgniter\Database\BaseBuilder->get()
#4 /home/main/Documents/GitHub/Regime_vrai/system/BaseModel.php(676): CodeIgniter\Model->doFindAll()
#5 /home/main/Documents/GitHub/Regime_vrai/app/Controllers/RegimeController.php(20): CodeIgniter\BaseModel->findAll()
#6 /home/main/Documents/GitHub/Regime_vrai/system/CodeIgniter.php(951): App\Controllers\RegimeController->go_to_regime()
#7 /home/main/Documents/GitHub/Regime_vrai/system/CodeIgniter.php(497): CodeIgniter\CodeIgniter->runController()
#8 /home/main/Documents/GitHub/Regime_vrai/system/CodeIgniter.php(340): CodeIgniter\CodeIgniter->handleRequest()
#9 /home/main/Documents/GitHub/Regime_vrai/system/Boot.php(417): CodeIgniter\CodeIgniter->run()
#10 /home/main/Documents/GitHub/Regime_vrai/system/Boot.php(68): CodeIgniter\Boot::runCodeIgniter()
#11 /home/main/Documents/GitHub/Regime_vrai/public/index.php(59): CodeIgniter\Boot::bootWeb()
#12 {main}
CRITICAL - 2026-05-08 12:03:54 --> CodeIgniter\Database\Exceptions\DatabaseException: Unable to connect to the database.
Main connection [MySQLi]: No such file or directory
[Method: GET, Route: /]
in SYSTEMPATH/Database/BaseConnection.php on line 606.
 1 SYSTEMPATH/Database/BaseConnection.php(795): CodeIgniter\Database\BaseConnection->initialize()
 2 SYSTEMPATH/Database/BaseBuilder.php(1649): CodeIgniter\Database\BaseConnection->query()
 3 SYSTEMPATH/Model.php(253): CodeIgniter\Database\BaseBuilder->get()
 4 SYSTEMPATH/BaseModel.php(676): CodeIgniter\Model->doFindAll()
 5 APPPATH/Controllers/RegimeController.php(20): CodeIgniter\BaseModel->findAll()
 6 SYSTEMPATH/CodeIgniter.php(951): App\Controllers\RegimeController->go_to_regime()
 7 SYSTEMPATH/CodeIgniter.php(497): CodeIgniter\CodeIgniter->runController()
 8 SYSTEMPATH/CodeIgniter.php(340): CodeIgniter\CodeIgniter->handleRequest()
 9 SYSTEMPATH/Boot.php(417): CodeIgniter\CodeIgniter->run()
10 SYSTEMPATH/Boot.php(68): CodeIgniter\Boot::runCodeIgniter()
11 FCPATH/index.php(59): CodeIgniter\Boot::bootWeb()
ERROR - 2026-05-08 12:04:04 --> Error connecting to the database: mysqli_sql_exception: No such file or directory in /home/main/Documents/GitHub/Regime_vrai/system/Database/MySQLi/Connection.php:201
Stack trace:
#0 /home/main/Documents/GitHub/Regime_vrai/system/Database/MySQLi/Connection.php(201): mysqli->real_connect()
#1 /home/main/Documents/GitHub/Regime_vrai/system/Database/BaseConnection.php(555): CodeIgniter\Database\MySQLi\Connection->connect()
#2 /home/main/Documents/GitHub/Regime_vrai/system/Database/BaseConnection.php(795): CodeIgniter\Database\BaseConnection->initialize()
#3 /home/main/Documents/GitHub/Regime_vrai/system/Database/BaseBuilder.php(1649): CodeIgniter\Database\BaseConnection->query()
#4 /home/main/Documents/GitHub/Regime_vrai/system/Model.php(253): CodeIgniter\Database\BaseBuilder->get()
#5 /home/main/Documents/GitHub/Regime_vrai/system/BaseModel.php(676): CodeIgniter\Model->doFindAll()
#6 /home/main/Documents/GitHub/Regime_vrai/app/Controllers/RegimeController.php(20): CodeIgniter\BaseModel->findAll()
#7 /home/main/Documents/GitHub/Regime_vrai/system/CodeIgniter.php(951): App\Controllers\RegimeController->go_to_regime()
#8 /home/main/Documents/GitHub/Regime_vrai/system/CodeIgniter.php(497): CodeIgniter\CodeIgniter->runController()
#9 /home/main/Documents/GitHub/Regime_vrai/system/CodeIgniter.php(340): CodeIgniter\CodeIgniter->handleRequest()
#10 /home/main/Documents/GitHub/Regime_vrai/system/Boot.php(417): CodeIgniter\CodeIgniter->run()
#11 /home/main/Documents/GitHub/Regime_vrai/system/Boot.php(68): CodeIgniter\Boot::runCodeIgniter()
#12 /home/main/Documents/GitHub/Regime_vrai/public/index.php(59): CodeIgniter\Boot::bootWeb()
#13 {main}

Next CodeIgniter\Database\Exceptions\DatabaseException: No such file or directory in /home/main/Documents/GitHub/Regime_vrai/system/Database/MySQLi/Connection.php:231
Stack trace:
#0 /home/main/Documents/GitHub/Regime_vrai/system/Database/BaseConnection.php(555): CodeIgniter\Database\MySQLi\Connection->connect()
#1 /home/main/Documents/GitHub/Regime_vrai/system/Database/BaseConnection.php(795): CodeIgniter\Database\BaseConnection->initialize()
#2 /home/main/Documents/GitHub/Regime_vrai/system/Database/BaseBuilder.php(1649): CodeIgniter\Database\BaseConnection->query()
#3 /home/main/Documents/GitHub/Regime_vrai/system/Model.php(253): CodeIgniter\Database\BaseBuilder->get()
#4 /home/main/Documents/GitHub/Regime_vrai/system/BaseModel.php(676): CodeIgniter\Model->doFindAll()
#5 /home/main/Documents/GitHub/Regime_vrai/app/Controllers/RegimeController.php(20): CodeIgniter\BaseModel->findAll()
#6 /home/main/Documents/GitHub/Regime_vrai/system/CodeIgniter.php(951): App\Controllers\RegimeController->go_to_regime()
#7 /home/main/Documents/GitHub/Regime_vrai/system/CodeIgniter.php(497): CodeIgniter\CodeIgniter->runController()
#8 /home/main/Documents/GitHub/Regime_vrai/system/CodeIgniter.php(340): CodeIgniter\CodeIgniter->handleRequest()
#9 /home/main/Documents/GitHub/Regime_vrai/system/Boot.php(417): CodeIgniter\CodeIgniter->run()
#10 /home/main/Documents/GitHub/Regime_vrai/system/Boot.php(68): CodeIgniter\Boot::runCodeIgniter()
#11 /home/main/Documents/GitHub/Regime_vrai/public/index.php(59): CodeIgniter\Boot::bootWeb()
#12 {main}
CRITICAL - 2026-05-08 12:04:04 --> CodeIgniter\Database\Exceptions\DatabaseException: Unable to connect to the database.
Main connection [MySQLi]: No such file or directory
[Method: GET, Route: /]
in SYSTEMPATH/Database/BaseConnection.php on line 606.
 1 SYSTEMPATH/Database/BaseConnection.php(795): CodeIgniter\Database\BaseConnection->initialize()
 2 SYSTEMPATH/Database/BaseBuilder.php(1649): CodeIgniter\Database\BaseConnection->query()
 3 SYSTEMPATH/Model.php(253): CodeIgniter\Database\BaseBuilder->get()
 4 SYSTEMPATH/BaseModel.php(676): CodeIgniter\Model->doFindAll()
 5 APPPATH/Controllers/RegimeController.php(20): CodeIgniter\BaseModel->findAll()
 6 SYSTEMPATH/CodeIgniter.php(951): App\Controllers\RegimeController->go_to_regime()
 7 SYSTEMPATH/CodeIgniter.php(497): CodeIgniter\CodeIgniter->runController()
 8 SYSTEMPATH/CodeIgniter.php(340): CodeIgniter\CodeIgniter->handleRequest()
 9 SYSTEMPATH/Boot.php(417): CodeIgniter\CodeIgniter->run()
10 SYSTEMPATH/Boot.php(68): CodeIgniter\Boot::runCodeIgniter()
11 FCPATH/index.php(59): CodeIgniter\Boot::bootWeb()
ERROR - 2026-05-08 12:04:04 --> Error connecting to the database: mysqli_sql_exception: No such file or directory in /home/main/Documents/GitHub/Regime_vrai/system/Database/MySQLi/Connection.php:201
Stack trace:
#0 /home/main/Documents/GitHub/Regime_vrai/system/Database/MySQLi/Connection.php(201): mysqli->real_connect()
#1 /home/main/Documents/GitHub/Regime_vrai/system/Database/BaseConnection.php(555): CodeIgniter\Database\MySQLi\Connection->connect()
#2 /home/main/Documents/GitHub/Regime_vrai/system/Database/BaseConnection.php(795): CodeIgniter\Database\BaseConnection->initialize()
#3 /home/main/Documents/GitHub/Regime_vrai/system/Database/BaseBuilder.php(1649): CodeIgniter\Database\BaseConnection->query()
#4 /home/main/Documents/GitHub/Regime_vrai/system/Model.php(253): CodeIgniter\Database\BaseBuilder->get()
#5 /home/main/Documents/GitHub/Regime_vrai/system/BaseModel.php(676): CodeIgniter\Model->doFindAll()
#6 /home/main/Documents/GitHub/Regime_vrai/app/Controllers/RegimeController.php(20): CodeIgniter\BaseModel->findAll()
#7 /home/main/Documents/GitHub/Regime_vrai/system/CodeIgniter.php(951): App\Controllers\RegimeController->go_to_regime()
#8 /home/main/Documents/GitHub/Regime_vrai/system/CodeIgniter.php(497): CodeIgniter\CodeIgniter->runController()
#9 /home/main/Documents/GitHub/Regime_vrai/system/CodeIgniter.php(340): CodeIgniter\CodeIgniter->handleRequest()
#10 /home/main/Documents/GitHub/Regime_vrai/system/Boot.php(417): CodeIgniter\CodeIgniter->run()
#11 /home/main/Documents/GitHub/Regime_vrai/system/Boot.php(68): CodeIgniter\Boot::runCodeIgniter()
#12 /home/main/Documents/GitHub/Regime_vrai/public/index.php(59): CodeIgniter\Boot::bootWeb()
#13 {main}

Next CodeIgniter\Database\Exceptions\DatabaseException: No such file or directory in /home/main/Documents/GitHub/Regime_vrai/system/Database/MySQLi/Connection.php:231
Stack trace:
#0 /home/main/Documents/GitHub/Regime_vrai/system/Database/BaseConnection.php(555): CodeIgniter\Database\MySQLi\Connection->connect()
#1 /home/main/Documents/GitHub/Regime_vrai/system/Database/BaseConnection.php(795): CodeIgniter\Database\BaseConnection->initialize()
#2 /home/main/Documents/GitHub/Regime_vrai/system/Database/BaseBuilder.php(1649): CodeIgniter\Database\BaseConnection->query()
#3 /home/main/Documents/GitHub/Regime_vrai/system/Model.php(253): CodeIgniter\Database\BaseBuilder->get()
#4 /home/main/Documents/GitHub/Regime_vrai/system/BaseModel.php(676): CodeIgniter\Model->doFindAll()
#5 /home/main/Documents/GitHub/Regime_vrai/app/Controllers/RegimeController.php(20): CodeIgniter\BaseModel->findAll()
#6 /home/main/Documents/GitHub/Regime_vrai/system/CodeIgniter.php(951): App\Controllers\RegimeController->go_to_regime()
#7 /home/main/Documents/GitHub/Regime_vrai/system/CodeIgniter.php(497): CodeIgniter\CodeIgniter->runController()
#8 /home/main/Documents/GitHub/Regime_vrai/system/CodeIgniter.php(340): CodeIgniter\CodeIgniter->handleRequest()
#9 /home/main/Documents/GitHub/Regime_vrai/system/Boot.php(417): CodeIgniter\CodeIgniter->run()
#10 /home/main/Documents/GitHub/Regime_vrai/system/Boot.php(68): CodeIgniter\Boot::runCodeIgniter()
#11 /home/main/Documents/GitHub/Regime_vrai/public/index.php(59): CodeIgniter\Boot::bootWeb()
#12 {main}
<<<<<<< HEAD
CRITICAL - 2026-05-08 12:26:56 --> ParseError: syntax error, unexpected token "<<", expecting end of file
[Method: CLI, Route: serve]
in APPPATH/Config/Routes.php on line 8.
 1 SYSTEMPATH/CLI/Console.php(41): CodeIgniter\Router\RouteCollection->loadRoutes()
 2 SYSTEMPATH/Boot.php(442): CodeIgniter\CLI\Console->run()
 3 SYSTEMPATH/Boot.php(166): CodeIgniter\Boot::runCommand()
 4 ROOTPATH/spark(87): CodeIgniter\Boot::bootSpark()
CRITICAL - 2026-05-08 12:27:15 --> ParseError: syntax error, unexpected token "<<", expecting end of file
[Method: CLI, Route: serve]
in APPPATH/Config/Routes.php on line 8.
 1 SYSTEMPATH/CLI/Console.php(41): CodeIgniter\Router\RouteCollection->loadRoutes()
 2 SYSTEMPATH/Boot.php(442): CodeIgniter\CLI\Console->run()
 3 SYSTEMPATH/Boot.php(166): CodeIgniter\Boot::runCommand()
 4 ROOTPATH/spark(87): CodeIgniter\Boot::bootSpark()
=======
CRITICAL - 2026-05-08 12:04:04 --> CodeIgniter\Database\Exceptions\DatabaseException: Unable to connect to the database.
Main connection [MySQLi]: No such file or directory
[Method: GET, Route: /]
in SYSTEMPATH/Database/BaseConnection.php on line 606.
 1 SYSTEMPATH/Database/BaseConnection.php(795): CodeIgniter\Database\BaseConnection->initialize()
 2 SYSTEMPATH/Database/BaseBuilder.php(1649): CodeIgniter\Database\BaseConnection->query()
 3 SYSTEMPATH/Model.php(253): CodeIgniter\Database\BaseBuilder->get()
 4 SYSTEMPATH/BaseModel.php(676): CodeIgniter\Model->doFindAll()
 5 APPPATH/Controllers/RegimeController.php(20): CodeIgniter\BaseModel->findAll()
 6 SYSTEMPATH/CodeIgniter.php(951): App\Controllers\RegimeController->go_to_regime()
 7 SYSTEMPATH/CodeIgniter.php(497): CodeIgniter\CodeIgniter->runController()
 8 SYSTEMPATH/CodeIgniter.php(340): CodeIgniter\CodeIgniter->handleRequest()
 9 SYSTEMPATH/Boot.php(417): CodeIgniter\CodeIgniter->run()
10 SYSTEMPATH/Boot.php(68): CodeIgniter\Boot::runCodeIgniter()
11 FCPATH/index.php(59): CodeIgniter\Boot::bootWeb()
CRITICAL - 2026-05-08 12:52:52 --> ErrorException: include(inc/navbar.php): Failed to open stream: No such file or directory
[Method: GET, Route: /]
in APPPATH/Views/CrudRegime.php on line 17.
 1 APPPATH/Views/CrudRegime.php(17): CodeIgniter\Debug\Exceptions->errorHandler()
 2 APPPATH/Views/CrudRegime.php(17): include()
 3 SYSTEMPATH/View/View.php(240): include('/home/main/Documents/GitHub/Regime_vrai/app/Views/CrudRegime.php')
 4 SYSTEMPATH/View/View.php(243): CodeIgniter\View\View->CodeIgniter\View\{closure}()
 5 SYSTEMPATH/Common.php(1250): CodeIgniter\View\View->render()
 6 APPPATH/Controllers/RegimeController.php(21): view()
 7 SYSTEMPATH/CodeIgniter.php(951): App\Controllers\RegimeController->go_to_regime()
 8 SYSTEMPATH/CodeIgniter.php(497): CodeIgniter\CodeIgniter->runController()
 9 SYSTEMPATH/CodeIgniter.php(340): CodeIgniter\CodeIgniter->handleRequest()
10 SYSTEMPATH/Boot.php(417): CodeIgniter\CodeIgniter->run()
11 SYSTEMPATH/Boot.php(68): CodeIgniter\Boot::runCodeIgniter()
12 FCPATH/index.php(59): CodeIgniter\Boot::bootWeb()
CRITICAL - 2026-05-08 12:52:53 --> ErrorException: include(inc/navbar.php): Failed to open stream: No such file or directory
[Method: GET, Route: /]
in APPPATH/Views/CrudRegime.php on line 17.
 1 APPPATH/Views/CrudRegime.php(17): CodeIgniter\Debug\Exceptions->errorHandler()
 2 APPPATH/Views/CrudRegime.php(17): include()
 3 SYSTEMPATH/View/View.php(240): include('/home/main/Documents/GitHub/Regime_vrai/app/Views/CrudRegime.php')
 4 SYSTEMPATH/View/View.php(243): CodeIgniter\View\View->CodeIgniter\View\{closure}()
 5 SYSTEMPATH/Common.php(1250): CodeIgniter\View\View->render()
 6 APPPATH/Controllers/RegimeController.php(21): view()
 7 SYSTEMPATH/CodeIgniter.php(951): App\Controllers\RegimeController->go_to_regime()
 8 SYSTEMPATH/CodeIgniter.php(497): CodeIgniter\CodeIgniter->runController()
 9 SYSTEMPATH/CodeIgniter.php(340): CodeIgniter\CodeIgniter->handleRequest()
10 SYSTEMPATH/Boot.php(417): CodeIgniter\CodeIgniter->run()
11 SYSTEMPATH/Boot.php(68): CodeIgniter\Boot::runCodeIgniter()
12 FCPATH/index.php(59): CodeIgniter\Boot::bootWeb()
CRITICAL - 2026-05-08 12:52:53 --> ErrorException: include(inc/navbar.php): Failed to open stream: No such file or directory
[Method: GET, Route: /]
in APPPATH/Views/CrudRegime.php on line 17.
 1 APPPATH/Views/CrudRegime.php(17): CodeIgniter\Debug\Exceptions->errorHandler()
 2 APPPATH/Views/CrudRegime.php(17): include()
 3 SYSTEMPATH/View/View.php(240): include('/home/main/Documents/GitHub/Regime_vrai/app/Views/CrudRegime.php')
 4 SYSTEMPATH/View/View.php(243): CodeIgniter\View\View->CodeIgniter\View\{closure}()
 5 SYSTEMPATH/Common.php(1250): CodeIgniter\View\View->render()
 6 APPPATH/Controllers/RegimeController.php(21): view()
 7 SYSTEMPATH/CodeIgniter.php(951): App\Controllers\RegimeController->go_to_regime()
 8 SYSTEMPATH/CodeIgniter.php(497): CodeIgniter\CodeIgniter->runController()
 9 SYSTEMPATH/CodeIgniter.php(340): CodeIgniter\CodeIgniter->handleRequest()
10 SYSTEMPATH/Boot.php(417): CodeIgniter\CodeIgniter->run()
11 SYSTEMPATH/Boot.php(68): CodeIgniter\Boot::runCodeIgniter()
12 FCPATH/index.php(59): CodeIgniter\Boot::bootWeb()
CRITICAL - 2026-05-08 12:52:53 --> ErrorException: include(inc/navbar.php): Failed to open stream: No such file or directory
[Method: GET, Route: /]
in APPPATH/Views/CrudRegime.php on line 17.
 1 APPPATH/Views/CrudRegime.php(17): CodeIgniter\Debug\Exceptions->errorHandler()
 2 APPPATH/Views/CrudRegime.php(17): include()
 3 SYSTEMPATH/View/View.php(240): include('/home/main/Documents/GitHub/Regime_vrai/app/Views/CrudRegime.php')
 4 SYSTEMPATH/View/View.php(243): CodeIgniter\View\View->CodeIgniter\View\{closure}()
 5 SYSTEMPATH/Common.php(1250): CodeIgniter\View\View->render()
 6 APPPATH/Controllers/RegimeController.php(21): view()
 7 SYSTEMPATH/CodeIgniter.php(951): App\Controllers\RegimeController->go_to_regime()
 8 SYSTEMPATH/CodeIgniter.php(497): CodeIgniter\CodeIgniter->runController()
 9 SYSTEMPATH/CodeIgniter.php(340): CodeIgniter\CodeIgniter->handleRequest()
10 SYSTEMPATH/Boot.php(417): CodeIgniter\CodeIgniter->run()
11 SYSTEMPATH/Boot.php(68): CodeIgniter\Boot::runCodeIgniter()
12 FCPATH/index.php(59): CodeIgniter\Boot::bootWeb()
CRITICAL - 2026-05-08 12:52:53 --> ErrorException: include(inc/navbar.php): Failed to open stream: No such file or directory
[Method: GET, Route: /]
in APPPATH/Views/CrudRegime.php on line 17.
 1 APPPATH/Views/CrudRegime.php(17): CodeIgniter\Debug\Exceptions->errorHandler()
 2 APPPATH/Views/CrudRegime.php(17): include()
 3 SYSTEMPATH/View/View.php(240): include('/home/main/Documents/GitHub/Regime_vrai/app/Views/CrudRegime.php')
 4 SYSTEMPATH/View/View.php(243): CodeIgniter\View\View->CodeIgniter\View\{closure}()
 5 SYSTEMPATH/Common.php(1250): CodeIgniter\View\View->render()
 6 APPPATH/Controllers/RegimeController.php(21): view()
 7 SYSTEMPATH/CodeIgniter.php(951): App\Controllers\RegimeController->go_to_regime()
 8 SYSTEMPATH/CodeIgniter.php(497): CodeIgniter\CodeIgniter->runController()
 9 SYSTEMPATH/CodeIgniter.php(340): CodeIgniter\CodeIgniter->handleRequest()
10 SYSTEMPATH/Boot.php(417): CodeIgniter\CodeIgniter->run()
11 SYSTEMPATH/Boot.php(68): CodeIgniter\Boot::runCodeIgniter()
12 FCPATH/index.php(59): CodeIgniter\Boot::bootWeb()
CRITICAL - 2026-05-08 13:02:59 --> ErrorException: Undefined array key "variation"
[Method: GET, Route: /]
in APPPATH/Views/CrudRegime.php on line 110.
 1 APPPATH/Views/CrudRegime.php(110): CodeIgniter\Debug\Exceptions->errorHandler()
 2 SYSTEMPATH/View/View.php(240): include('/home/main/Documents/GitHub/Regime_vrai/app/Views/CrudRegime.php')
 3 SYSTEMPATH/View/View.php(243): CodeIgniter\View\View->CodeIgniter\View\{closure}()
 4 SYSTEMPATH/Common.php(1250): CodeIgniter\View\View->render()
 5 APPPATH/Controllers/RegimeController.php(21): view()
 6 SYSTEMPATH/CodeIgniter.php(951): App\Controllers\RegimeController->go_to_regime()
 7 SYSTEMPATH/CodeIgniter.php(497): CodeIgniter\CodeIgniter->runController()
 8 SYSTEMPATH/CodeIgniter.php(340): CodeIgniter\CodeIgniter->handleRequest()
 9 SYSTEMPATH/Boot.php(417): CodeIgniter\CodeIgniter->run()
10 SYSTEMPATH/Boot.php(68): CodeIgniter\Boot::runCodeIgniter()
11 FCPATH/index.php(59): CodeIgniter\Boot::bootWeb()
CRITICAL - 2026-05-08 13:02:59 --> ErrorException: Undefined array key "variation"
[Method: GET, Route: /]
in APPPATH/Views/CrudRegime.php on line 110.
 1 APPPATH/Views/CrudRegime.php(110): CodeIgniter\Debug\Exceptions->errorHandler()
 2 SYSTEMPATH/View/View.php(240): include('/home/main/Documents/GitHub/Regime_vrai/app/Views/CrudRegime.php')
 3 SYSTEMPATH/View/View.php(243): CodeIgniter\View\View->CodeIgniter\View\{closure}()
 4 SYSTEMPATH/Common.php(1250): CodeIgniter\View\View->render()
 5 APPPATH/Controllers/RegimeController.php(21): view()
 6 SYSTEMPATH/CodeIgniter.php(951): App\Controllers\RegimeController->go_to_regime()
 7 SYSTEMPATH/CodeIgniter.php(497): CodeIgniter\CodeIgniter->runController()
 8 SYSTEMPATH/CodeIgniter.php(340): CodeIgniter\CodeIgniter->handleRequest()
 9 SYSTEMPATH/Boot.php(417): CodeIgniter\CodeIgniter->run()
10 SYSTEMPATH/Boot.php(68): CodeIgniter\Boot::runCodeIgniter()
11 FCPATH/index.php(59): CodeIgniter\Boot::bootWeb()
CRITICAL - 2026-05-08 13:03:00 --> ErrorException: Undefined array key "variation"
[Method: GET, Route: /]
in APPPATH/Views/CrudRegime.php on line 110.
 1 APPPATH/Views/CrudRegime.php(110): CodeIgniter\Debug\Exceptions->errorHandler()
 2 SYSTEMPATH/View/View.php(240): include('/home/main/Documents/GitHub/Regime_vrai/app/Views/CrudRegime.php')
 3 SYSTEMPATH/View/View.php(243): CodeIgniter\View\View->CodeIgniter\View\{closure}()
 4 SYSTEMPATH/Common.php(1250): CodeIgniter\View\View->render()
 5 APPPATH/Controllers/RegimeController.php(21): view()
 6 SYSTEMPATH/CodeIgniter.php(951): App\Controllers\RegimeController->go_to_regime()
 7 SYSTEMPATH/CodeIgniter.php(497): CodeIgniter\CodeIgniter->runController()
 8 SYSTEMPATH/CodeIgniter.php(340): CodeIgniter\CodeIgniter->handleRequest()
 9 SYSTEMPATH/Boot.php(417): CodeIgniter\CodeIgniter->run()
10 SYSTEMPATH/Boot.php(68): CodeIgniter\Boot::runCodeIgniter()
11 FCPATH/index.php(59): CodeIgniter\Boot::bootWeb()
CRITICAL - 2026-05-08 13:03:00 --> ErrorException: Undefined array key "variation"
[Method: GET, Route: /]
in APPPATH/Views/CrudRegime.php on line 110.
 1 APPPATH/Views/CrudRegime.php(110): CodeIgniter\Debug\Exceptions->errorHandler()
 2 SYSTEMPATH/View/View.php(240): include('/home/main/Documents/GitHub/Regime_vrai/app/Views/CrudRegime.php')
 3 SYSTEMPATH/View/View.php(243): CodeIgniter\View\View->CodeIgniter\View\{closure}()
 4 SYSTEMPATH/Common.php(1250): CodeIgniter\View\View->render()
 5 APPPATH/Controllers/RegimeController.php(21): view()
 6 SYSTEMPATH/CodeIgniter.php(951): App\Controllers\RegimeController->go_to_regime()
 7 SYSTEMPATH/CodeIgniter.php(497): CodeIgniter\CodeIgniter->runController()
 8 SYSTEMPATH/CodeIgniter.php(340): CodeIgniter\CodeIgniter->handleRequest()
 9 SYSTEMPATH/Boot.php(417): CodeIgniter\CodeIgniter->run()
10 SYSTEMPATH/Boot.php(68): CodeIgniter\Boot::runCodeIgniter()
11 FCPATH/index.php(59): CodeIgniter\Boot::bootWeb()
CRITICAL - 2026-05-08 13:03:47 --> ParseError: syntax error, unexpected token ";"
[Method: GET, Route: /]
in APPPATH/Views/CrudRegime.php on line 100.
 1 SYSTEMPATH/View/View.php(243): CodeIgniter\View\View->CodeIgniter\View\{closure}()
 2 SYSTEMPATH/Common.php(1250): CodeIgniter\View\View->render()
 3 APPPATH/Controllers/RegimeController.php(21): view()
 4 SYSTEMPATH/CodeIgniter.php(951): App\Controllers\RegimeController->go_to_regime()
 5 SYSTEMPATH/CodeIgniter.php(497): CodeIgniter\CodeIgniter->runController()
 6 SYSTEMPATH/CodeIgniter.php(340): CodeIgniter\CodeIgniter->handleRequest()
 7 SYSTEMPATH/Boot.php(417): CodeIgniter\CodeIgniter->run()
 8 SYSTEMPATH/Boot.php(68): CodeIgniter\Boot::runCodeIgniter()
 9 FCPATH/index.php(59): CodeIgniter\Boot::bootWeb()
CRITICAL - 2026-05-08 13:03:48 --> ParseError: syntax error, unexpected token ";"
[Method: GET, Route: /]
in APPPATH/Views/CrudRegime.php on line 100.
 1 SYSTEMPATH/View/View.php(243): CodeIgniter\View\View->CodeIgniter\View\{closure}()
 2 SYSTEMPATH/Common.php(1250): CodeIgniter\View\View->render()
 3 APPPATH/Controllers/RegimeController.php(21): view()
 4 SYSTEMPATH/CodeIgniter.php(951): App\Controllers\RegimeController->go_to_regime()
 5 SYSTEMPATH/CodeIgniter.php(497): CodeIgniter\CodeIgniter->runController()
 6 SYSTEMPATH/CodeIgniter.php(340): CodeIgniter\CodeIgniter->handleRequest()
 7 SYSTEMPATH/Boot.php(417): CodeIgniter\CodeIgniter->run()
 8 SYSTEMPATH/Boot.php(68): CodeIgniter\Boot::runCodeIgniter()
 9 FCPATH/index.php(59): CodeIgniter\Boot::bootWeb()
CRITICAL - 2026-05-08 13:04:20 --> ErrorException: Undefined array key ""
[Method: GET, Route: /]
in APPPATH/Views/CrudRegime.php on line 101.
 1 APPPATH/Views/CrudRegime.php(101): CodeIgniter\Debug\Exceptions->errorHandler()
 2 SYSTEMPATH/View/View.php(240): include('/home/main/Documents/GitHub/Regime_vrai/app/Views/CrudRegime.php')
 3 SYSTEMPATH/View/View.php(243): CodeIgniter\View\View->CodeIgniter\View\{closure}()
 4 SYSTEMPATH/Common.php(1250): CodeIgniter\View\View->render()
 5 APPPATH/Controllers/RegimeController.php(21): view()
 6 SYSTEMPATH/CodeIgniter.php(951): App\Controllers\RegimeController->go_to_regime()
 7 SYSTEMPATH/CodeIgniter.php(497): CodeIgniter\CodeIgniter->runController()
 8 SYSTEMPATH/CodeIgniter.php(340): CodeIgniter\CodeIgniter->handleRequest()
 9 SYSTEMPATH/Boot.php(417): CodeIgniter\CodeIgniter->run()
10 SYSTEMPATH/Boot.php(68): CodeIgniter\Boot::runCodeIgniter()
11 FCPATH/index.php(59): CodeIgniter\Boot::bootWeb()
CRITICAL - 2026-05-08 13:04:21 --> ErrorException: Undefined array key ""
[Method: GET, Route: /]
in APPPATH/Views/CrudRegime.php on line 101.
 1 APPPATH/Views/CrudRegime.php(101): CodeIgniter\Debug\Exceptions->errorHandler()
 2 SYSTEMPATH/View/View.php(240): include('/home/main/Documents/GitHub/Regime_vrai/app/Views/CrudRegime.php')
 3 SYSTEMPATH/View/View.php(243): CodeIgniter\View\View->CodeIgniter\View\{closure}()
 4 SYSTEMPATH/Common.php(1250): CodeIgniter\View\View->render()
 5 APPPATH/Controllers/RegimeController.php(21): view()
 6 SYSTEMPATH/CodeIgniter.php(951): App\Controllers\RegimeController->go_to_regime()
 7 SYSTEMPATH/CodeIgniter.php(497): CodeIgniter\CodeIgniter->runController()
 8 SYSTEMPATH/CodeIgniter.php(340): CodeIgniter\CodeIgniter->handleRequest()
 9 SYSTEMPATH/Boot.php(417): CodeIgniter\CodeIgniter->run()
10 SYSTEMPATH/Boot.php(68): CodeIgniter\Boot::runCodeIgniter()
11 FCPATH/index.php(59): CodeIgniter\Boot::bootWeb()
CRITICAL - 2026-05-08 13:04:21 --> ErrorException: Undefined array key ""
[Method: GET, Route: /]
in APPPATH/Views/CrudRegime.php on line 101.
 1 APPPATH/Views/CrudRegime.php(101): CodeIgniter\Debug\Exceptions->errorHandler()
 2 SYSTEMPATH/View/View.php(240): include('/home/main/Documents/GitHub/Regime_vrai/app/Views/CrudRegime.php')
 3 SYSTEMPATH/View/View.php(243): CodeIgniter\View\View->CodeIgniter\View\{closure}()
 4 SYSTEMPATH/Common.php(1250): CodeIgniter\View\View->render()
 5 APPPATH/Controllers/RegimeController.php(21): view()
 6 SYSTEMPATH/CodeIgniter.php(951): App\Controllers\RegimeController->go_to_regime()
 7 SYSTEMPATH/CodeIgniter.php(497): CodeIgniter\CodeIgniter->runController()
 8 SYSTEMPATH/CodeIgniter.php(340): CodeIgniter\CodeIgniter->handleRequest()
 9 SYSTEMPATH/Boot.php(417): CodeIgniter\CodeIgniter->run()
10 SYSTEMPATH/Boot.php(68): CodeIgniter\Boot::runCodeIgniter()
11 FCPATH/index.php(59): CodeIgniter\Boot::bootWeb()
CRITICAL - 2026-05-08 13:04:21 --> ErrorException: Undefined array key ""
[Method: GET, Route: /]
in APPPATH/Views/CrudRegime.php on line 101.
 1 APPPATH/Views/CrudRegime.php(101): CodeIgniter\Debug\Exceptions->errorHandler()
 2 SYSTEMPATH/View/View.php(240): include('/home/main/Documents/GitHub/Regime_vrai/app/Views/CrudRegime.php')
 3 SYSTEMPATH/View/View.php(243): CodeIgniter\View\View->CodeIgniter\View\{closure}()
 4 SYSTEMPATH/Common.php(1250): CodeIgniter\View\View->render()
 5 APPPATH/Controllers/RegimeController.php(21): view()
 6 SYSTEMPATH/CodeIgniter.php(951): App\Controllers\RegimeController->go_to_regime()
 7 SYSTEMPATH/CodeIgniter.php(497): CodeIgniter\CodeIgniter->runController()
 8 SYSTEMPATH/CodeIgniter.php(340): CodeIgniter\CodeIgniter->handleRequest()
 9 SYSTEMPATH/Boot.php(417): CodeIgniter\CodeIgniter->run()
10 SYSTEMPATH/Boot.php(68): CodeIgniter\Boot::runCodeIgniter()
11 FCPATH/index.php(59): CodeIgniter\Boot::bootWeb()
CRITICAL - 2026-05-08 13:04:21 --> ErrorException: Undefined array key ""
[Method: GET, Route: /]
in APPPATH/Views/CrudRegime.php on line 101.
 1 APPPATH/Views/CrudRegime.php(101): CodeIgniter\Debug\Exceptions->errorHandler()
 2 SYSTEMPATH/View/View.php(240): include('/home/main/Documents/GitHub/Regime_vrai/app/Views/CrudRegime.php')
 3 SYSTEMPATH/View/View.php(243): CodeIgniter\View\View->CodeIgniter\View\{closure}()
 4 SYSTEMPATH/Common.php(1250): CodeIgniter\View\View->render()
 5 APPPATH/Controllers/RegimeController.php(21): view()
 6 SYSTEMPATH/CodeIgniter.php(951): App\Controllers\RegimeController->go_to_regime()
 7 SYSTEMPATH/CodeIgniter.php(497): CodeIgniter\CodeIgniter->runController()
 8 SYSTEMPATH/CodeIgniter.php(340): CodeIgniter\CodeIgniter->handleRequest()
 9 SYSTEMPATH/Boot.php(417): CodeIgniter\CodeIgniter->run()
10 SYSTEMPATH/Boot.php(68): CodeIgniter\Boot::runCodeIgniter()
11 FCPATH/index.php(59): CodeIgniter\Boot::bootWeb()
CRITICAL - 2026-05-08 13:04:22 --> ErrorException: Undefined array key ""
[Method: GET, Route: /]
in APPPATH/Views/CrudRegime.php on line 101.
 1 APPPATH/Views/CrudRegime.php(101): CodeIgniter\Debug\Exceptions->errorHandler()
 2 SYSTEMPATH/View/View.php(240): include('/home/main/Documents/GitHub/Regime_vrai/app/Views/CrudRegime.php')
 3 SYSTEMPATH/View/View.php(243): CodeIgniter\View\View->CodeIgniter\View\{closure}()
 4 SYSTEMPATH/Common.php(1250): CodeIgniter\View\View->render()
 5 APPPATH/Controllers/RegimeController.php(21): view()
 6 SYSTEMPATH/CodeIgniter.php(951): App\Controllers\RegimeController->go_to_regime()
 7 SYSTEMPATH/CodeIgniter.php(497): CodeIgniter\CodeIgniter->runController()
 8 SYSTEMPATH/CodeIgniter.php(340): CodeIgniter\CodeIgniter->handleRequest()
 9 SYSTEMPATH/Boot.php(417): CodeIgniter\CodeIgniter->run()
10 SYSTEMPATH/Boot.php(68): CodeIgniter\Boot::runCodeIgniter()
11 FCPATH/index.php(59): CodeIgniter\Boot::bootWeb()
CRITICAL - 2026-05-08 13:06:08 --> ErrorException: Undefined array key ""
[Method: GET, Route: /]
in APPPATH/Views/CrudRegime.php on line 107.
 1 APPPATH/Views/CrudRegime.php(107): CodeIgniter\Debug\Exceptions->errorHandler()
 2 SYSTEMPATH/View/View.php(240): include('/home/main/Documents/GitHub/Regime_vrai/app/Views/CrudRegime.php')
 3 SYSTEMPATH/View/View.php(243): CodeIgniter\View\View->CodeIgniter\View\{closure}()
 4 SYSTEMPATH/Common.php(1250): CodeIgniter\View\View->render()
 5 APPPATH/Controllers/RegimeController.php(21): view()
 6 SYSTEMPATH/CodeIgniter.php(951): App\Controllers\RegimeController->go_to_regime()
 7 SYSTEMPATH/CodeIgniter.php(497): CodeIgniter\CodeIgniter->runController()
 8 SYSTEMPATH/CodeIgniter.php(340): CodeIgniter\CodeIgniter->handleRequest()
 9 SYSTEMPATH/Boot.php(417): CodeIgniter\CodeIgniter->run()
10 SYSTEMPATH/Boot.php(68): CodeIgniter\Boot::runCodeIgniter()
11 FCPATH/index.php(59): CodeIgniter\Boot::bootWeb()
CRITICAL - 2026-05-08 13:06:09 --> ErrorException: Undefined array key ""
[Method: GET, Route: /]
in APPPATH/Views/CrudRegime.php on line 107.
 1 APPPATH/Views/CrudRegime.php(107): CodeIgniter\Debug\Exceptions->errorHandler()
 2 SYSTEMPATH/View/View.php(240): include('/home/main/Documents/GitHub/Regime_vrai/app/Views/CrudRegime.php')
 3 SYSTEMPATH/View/View.php(243): CodeIgniter\View\View->CodeIgniter\View\{closure}()
 4 SYSTEMPATH/Common.php(1250): CodeIgniter\View\View->render()
 5 APPPATH/Controllers/RegimeController.php(21): view()
 6 SYSTEMPATH/CodeIgniter.php(951): App\Controllers\RegimeController->go_to_regime()
 7 SYSTEMPATH/CodeIgniter.php(497): CodeIgniter\CodeIgniter->runController()
 8 SYSTEMPATH/CodeIgniter.php(340): CodeIgniter\CodeIgniter->handleRequest()
 9 SYSTEMPATH/Boot.php(417): CodeIgniter\CodeIgniter->run()
10 SYSTEMPATH/Boot.php(68): CodeIgniter\Boot::runCodeIgniter()
11 FCPATH/index.php(59): CodeIgniter\Boot::bootWeb()
CRITICAL - 2026-05-08 13:06:09 --> ErrorException: Undefined array key ""
[Method: GET, Route: /]
in APPPATH/Views/CrudRegime.php on line 107.
 1 APPPATH/Views/CrudRegime.php(107): CodeIgniter\Debug\Exceptions->errorHandler()
 2 SYSTEMPATH/View/View.php(240): include('/home/main/Documents/GitHub/Regime_vrai/app/Views/CrudRegime.php')
 3 SYSTEMPATH/View/View.php(243): CodeIgniter\View\View->CodeIgniter\View\{closure}()
 4 SYSTEMPATH/Common.php(1250): CodeIgniter\View\View->render()
 5 APPPATH/Controllers/RegimeController.php(21): view()
 6 SYSTEMPATH/CodeIgniter.php(951): App\Controllers\RegimeController->go_to_regime()
 7 SYSTEMPATH/CodeIgniter.php(497): CodeIgniter\CodeIgniter->runController()
 8 SYSTEMPATH/CodeIgniter.php(340): CodeIgniter\CodeIgniter->handleRequest()
 9 SYSTEMPATH/Boot.php(417): CodeIgniter\CodeIgniter->run()
10 SYSTEMPATH/Boot.php(68): CodeIgniter\Boot::runCodeIgniter()
11 FCPATH/index.php(59): CodeIgniter\Boot::bootWeb()
CRITICAL - 2026-05-08 13:06:09 --> ErrorException: Undefined array key ""
[Method: GET, Route: /]
in APPPATH/Views/CrudRegime.php on line 107.
 1 APPPATH/Views/CrudRegime.php(107): CodeIgniter\Debug\Exceptions->errorHandler()
 2 SYSTEMPATH/View/View.php(240): include('/home/main/Documents/GitHub/Regime_vrai/app/Views/CrudRegime.php')
 3 SYSTEMPATH/View/View.php(243): CodeIgniter\View\View->CodeIgniter\View\{closure}()
 4 SYSTEMPATH/Common.php(1250): CodeIgniter\View\View->render()
 5 APPPATH/Controllers/RegimeController.php(21): view()
 6 SYSTEMPATH/CodeIgniter.php(951): App\Controllers\RegimeController->go_to_regime()
 7 SYSTEMPATH/CodeIgniter.php(497): CodeIgniter\CodeIgniter->runController()
 8 SYSTEMPATH/CodeIgniter.php(340): CodeIgniter\CodeIgniter->handleRequest()
 9 SYSTEMPATH/Boot.php(417): CodeIgniter\CodeIgniter->run()
10 SYSTEMPATH/Boot.php(68): CodeIgniter\Boot::runCodeIgniter()
11 FCPATH/index.php(59): CodeIgniter\Boot::bootWeb()
CRITICAL - 2026-05-08 13:06:10 --> ErrorException: Undefined array key ""
[Method: GET, Route: /]
in APPPATH/Views/CrudRegime.php on line 107.
 1 APPPATH/Views/CrudRegime.php(107): CodeIgniter\Debug\Exceptions->errorHandler()
 2 SYSTEMPATH/View/View.php(240): include('/home/main/Documents/GitHub/Regime_vrai/app/Views/CrudRegime.php')
 3 SYSTEMPATH/View/View.php(243): CodeIgniter\View\View->CodeIgniter\View\{closure}()
 4 SYSTEMPATH/Common.php(1250): CodeIgniter\View\View->render()
 5 APPPATH/Controllers/RegimeController.php(21): view()
 6 SYSTEMPATH/CodeIgniter.php(951): App\Controllers\RegimeController->go_to_regime()
 7 SYSTEMPATH/CodeIgniter.php(497): CodeIgniter\CodeIgniter->runController()
 8 SYSTEMPATH/CodeIgniter.php(340): CodeIgniter\CodeIgniter->handleRequest()
 9 SYSTEMPATH/Boot.php(417): CodeIgniter\CodeIgniter->run()
10 SYSTEMPATH/Boot.php(68): CodeIgniter\Boot::runCodeIgniter()
11 FCPATH/index.php(59): CodeIgniter\Boot::bootWeb()
CRITICAL - 2026-05-08 13:06:10 --> ErrorException: Undefined array key ""
[Method: GET, Route: /]
in APPPATH/Views/CrudRegime.php on line 107.
 1 APPPATH/Views/CrudRegime.php(107): CodeIgniter\Debug\Exceptions->errorHandler()
 2 SYSTEMPATH/View/View.php(240): include('/home/main/Documents/GitHub/Regime_vrai/app/Views/CrudRegime.php')
 3 SYSTEMPATH/View/View.php(243): CodeIgniter\View\View->CodeIgniter\View\{closure}()
 4 SYSTEMPATH/Common.php(1250): CodeIgniter\View\View->render()
 5 APPPATH/Controllers/RegimeController.php(21): view()
 6 SYSTEMPATH/CodeIgniter.php(951): App\Controllers\RegimeController->go_to_regime()
 7 SYSTEMPATH/CodeIgniter.php(497): CodeIgniter\CodeIgniter->runController()
 8 SYSTEMPATH/CodeIgniter.php(340): CodeIgniter\CodeIgniter->handleRequest()
 9 SYSTEMPATH/Boot.php(417): CodeIgniter\CodeIgniter->run()
10 SYSTEMPATH/Boot.php(68): CodeIgniter\Boot::runCodeIgniter()
11 FCPATH/index.php(59): CodeIgniter\Boot::bootWeb()
CRITICAL - 2026-05-08 13:07:50 --> ErrorException: Undefined variable $variable
[Method: GET, Route: /]
in APPPATH/Views/CrudRegime.php on line 38.
 1 APPPATH/Views/CrudRegime.php(38): CodeIgniter\Debug\Exceptions->errorHandler()
 2 SYSTEMPATH/View/View.php(240): include('/home/main/Documents/GitHub/Regime_vrai/app/Views/CrudRegime.php')
 3 SYSTEMPATH/View/View.php(243): CodeIgniter\View\View->CodeIgniter\View\{closure}()
 4 SYSTEMPATH/Common.php(1250): CodeIgniter\View\View->render()
 5 APPPATH/Controllers/RegimeController.php(21): view()
 6 SYSTEMPATH/CodeIgniter.php(951): App\Controllers\RegimeController->go_to_regime()
 7 SYSTEMPATH/CodeIgniter.php(497): CodeIgniter\CodeIgniter->runController()
 8 SYSTEMPATH/CodeIgniter.php(340): CodeIgniter\CodeIgniter->handleRequest()
 9 SYSTEMPATH/Boot.php(417): CodeIgniter\CodeIgniter->run()
10 SYSTEMPATH/Boot.php(68): CodeIgniter\Boot::runCodeIgniter()
11 FCPATH/index.php(59): CodeIgniter\Boot::bootWeb()
CRITICAL - 2026-05-08 13:07:51 --> ErrorException: Undefined variable $variable
[Method: GET, Route: /]
in APPPATH/Views/CrudRegime.php on line 38.
 1 APPPATH/Views/CrudRegime.php(38): CodeIgniter\Debug\Exceptions->errorHandler()
 2 SYSTEMPATH/View/View.php(240): include('/home/main/Documents/GitHub/Regime_vrai/app/Views/CrudRegime.php')
 3 SYSTEMPATH/View/View.php(243): CodeIgniter\View\View->CodeIgniter\View\{closure}()
 4 SYSTEMPATH/Common.php(1250): CodeIgniter\View\View->render()
 5 APPPATH/Controllers/RegimeController.php(21): view()
 6 SYSTEMPATH/CodeIgniter.php(951): App\Controllers\RegimeController->go_to_regime()
 7 SYSTEMPATH/CodeIgniter.php(497): CodeIgniter\CodeIgniter->runController()
 8 SYSTEMPATH/CodeIgniter.php(340): CodeIgniter\CodeIgniter->handleRequest()
 9 SYSTEMPATH/Boot.php(417): CodeIgniter\CodeIgniter->run()
10 SYSTEMPATH/Boot.php(68): CodeIgniter\Boot::runCodeIgniter()
11 FCPATH/index.php(59): CodeIgniter\Boot::bootWeb()
CRITICAL - 2026-05-08 13:07:51 --> ErrorException: Undefined variable $variable
[Method: GET, Route: /]
in APPPATH/Views/CrudRegime.php on line 38.
 1 APPPATH/Views/CrudRegime.php(38): CodeIgniter\Debug\Exceptions->errorHandler()
 2 SYSTEMPATH/View/View.php(240): include('/home/main/Documents/GitHub/Regime_vrai/app/Views/CrudRegime.php')
 3 SYSTEMPATH/View/View.php(243): CodeIgniter\View\View->CodeIgniter\View\{closure}()
 4 SYSTEMPATH/Common.php(1250): CodeIgniter\View\View->render()
 5 APPPATH/Controllers/RegimeController.php(21): view()
 6 SYSTEMPATH/CodeIgniter.php(951): App\Controllers\RegimeController->go_to_regime()
 7 SYSTEMPATH/CodeIgniter.php(497): CodeIgniter\CodeIgniter->runController()
 8 SYSTEMPATH/CodeIgniter.php(340): CodeIgniter\CodeIgniter->handleRequest()
 9 SYSTEMPATH/Boot.php(417): CodeIgniter\CodeIgniter->run()
10 SYSTEMPATH/Boot.php(68): CodeIgniter\Boot::runCodeIgniter()
11 FCPATH/index.php(59): CodeIgniter\Boot::bootWeb()
CRITICAL - 2026-05-08 13:07:51 --> ErrorException: Undefined variable $variable
[Method: GET, Route: /]
in APPPATH/Views/CrudRegime.php on line 38.
 1 APPPATH/Views/CrudRegime.php(38): CodeIgniter\Debug\Exceptions->errorHandler()
 2 SYSTEMPATH/View/View.php(240): include('/home/main/Documents/GitHub/Regime_vrai/app/Views/CrudRegime.php')
 3 SYSTEMPATH/View/View.php(243): CodeIgniter\View\View->CodeIgniter\View\{closure}()
 4 SYSTEMPATH/Common.php(1250): CodeIgniter\View\View->render()
 5 APPPATH/Controllers/RegimeController.php(21): view()
 6 SYSTEMPATH/CodeIgniter.php(951): App\Controllers\RegimeController->go_to_regime()
 7 SYSTEMPATH/CodeIgniter.php(497): CodeIgniter\CodeIgniter->runController()
 8 SYSTEMPATH/CodeIgniter.php(340): CodeIgniter\CodeIgniter->handleRequest()
 9 SYSTEMPATH/Boot.php(417): CodeIgniter\CodeIgniter->run()
10 SYSTEMPATH/Boot.php(68): CodeIgniter\Boot::runCodeIgniter()
11 FCPATH/index.php(59): CodeIgniter\Boot::bootWeb()
CRITICAL - 2026-05-08 13:07:52 --> ErrorException: Undefined variable $variable
[Method: GET, Route: /]
in APPPATH/Views/CrudRegime.php on line 38.
 1 APPPATH/Views/CrudRegime.php(38): CodeIgniter\Debug\Exceptions->errorHandler()
 2 SYSTEMPATH/View/View.php(240): include('/home/main/Documents/GitHub/Regime_vrai/app/Views/CrudRegime.php')
 3 SYSTEMPATH/View/View.php(243): CodeIgniter\View\View->CodeIgniter\View\{closure}()
 4 SYSTEMPATH/Common.php(1250): CodeIgniter\View\View->render()
 5 APPPATH/Controllers/RegimeController.php(21): view()
 6 SYSTEMPATH/CodeIgniter.php(951): App\Controllers\RegimeController->go_to_regime()
 7 SYSTEMPATH/CodeIgniter.php(497): CodeIgniter\CodeIgniter->runController()
 8 SYSTEMPATH/CodeIgniter.php(340): CodeIgniter\CodeIgniter->handleRequest()
 9 SYSTEMPATH/Boot.php(417): CodeIgniter\CodeIgniter->run()
10 SYSTEMPATH/Boot.php(68): CodeIgniter\Boot::runCodeIgniter()
11 FCPATH/index.php(59): CodeIgniter\Boot::bootWeb()
<<<<<<< Updated upstream
ERROR - 2026-05-08 15:47:31 --> Error connecting to the database: mysqli_sql_exception: Access denied for user 'php'@'localhost' (using password: YES) in /home/user/Documents/GITHUB1/Regime_vrai/system/Database/MySQLi/Connection.php:201
=======
ERROR - 2026-05-08 16:21:02 --> Error connecting to the database: mysqli_sql_exception: Access denied for user 'php'@'localhost' (using password: YES) in /home/user/Documents/GITHUB1/Regime_vrai/system/Database/MySQLi/Connection.php:201
>>>>>>> Stashed changes
Stack trace:
#0 /home/user/Documents/GITHUB1/Regime_vrai/system/Database/MySQLi/Connection.php(201): mysqli->real_connect()
#1 /home/user/Documents/GITHUB1/Regime_vrai/system/Database/BaseConnection.php(555): CodeIgniter\Database\MySQLi\Connection->connect()
#2 /home/user/Documents/GITHUB1/Regime_vrai/system/Database/BaseConnection.php(795): CodeIgniter\Database\BaseConnection->initialize()
#3 /home/user/Documents/GITHUB1/Regime_vrai/system/Database/BaseBuilder.php(1649): CodeIgniter\Database\BaseConnection->query()
#4 /home/user/Documents/GITHUB1/Regime_vrai/system/Model.php(253): CodeIgniter\Database\BaseBuilder->get()
#5 /home/user/Documents/GITHUB1/Regime_vrai/system/BaseModel.php(676): CodeIgniter\Model->doFindAll()
#6 /home/user/Documents/GITHUB1/Regime_vrai/app/Controllers/RegimeController.php(24): CodeIgniter\BaseModel->findAll()
#7 /home/user/Documents/GITHUB1/Regime_vrai/system/CodeIgniter.php(951): App\Controllers\RegimeController->go_to_regime()
#8 /home/user/Documents/GITHUB1/Regime_vrai/system/CodeIgniter.php(497): CodeIgniter\CodeIgniter->runController()
#9 /home/user/Documents/GITHUB1/Regime_vrai/system/CodeIgniter.php(340): CodeIgniter\CodeIgniter->handleRequest()
#10 /home/user/Documents/GITHUB1/Regime_vrai/system/Boot.php(417): CodeIgniter\CodeIgniter->run()
#11 /home/user/Documents/GITHUB1/Regime_vrai/system/Boot.php(68): CodeIgniter\Boot::runCodeIgniter()
#12 /home/user/Documents/GITHUB1/Regime_vrai/public/index.php(59): CodeIgniter\Boot::bootWeb()
#13 {main}

Next CodeIgniter\Database\Exceptions\DatabaseException: Access denied for user '****'@'localhost' (using password: YES) in /home/user/Documents/GITHUB1/Regime_vrai/system/Database/MySQLi/Connection.php:231
Stack trace:
#0 /home/user/Documents/GITHUB1/Regime_vrai/system/Database/BaseConnection.php(555): CodeIgniter\Database\MySQLi\Connection->connect()
#1 /home/user/Documents/GITHUB1/Regime_vrai/system/Database/BaseConnection.php(795): CodeIgniter\Database\BaseConnection->initialize()
#2 /home/user/Documents/GITHUB1/Regime_vrai/system/Database/BaseBuilder.php(1649): CodeIgniter\Database\BaseConnection->query()
#3 /home/user/Documents/GITHUB1/Regime_vrai/system/Model.php(253): CodeIgniter\Database\BaseBuilder->get()
#4 /home/user/Documents/GITHUB1/Regime_vrai/system/BaseModel.php(676): CodeIgniter\Model->doFindAll()
#5 /home/user/Documents/GITHUB1/Regime_vrai/app/Controllers/RegimeController.php(24): CodeIgniter\BaseModel->findAll()
#6 /home/user/Documents/GITHUB1/Regime_vrai/system/CodeIgniter.php(951): App\Controllers\RegimeController->go_to_regime()
#7 /home/user/Documents/GITHUB1/Regime_vrai/system/CodeIgniter.php(497): CodeIgniter\CodeIgniter->runController()
#8 /home/user/Documents/GITHUB1/Regime_vrai/system/CodeIgniter.php(340): CodeIgniter\CodeIgniter->handleRequest()
#9 /home/user/Documents/GITHUB1/Regime_vrai/system/Boot.php(417): CodeIgniter\CodeIgniter->run()
#10 /home/user/Documents/GITHUB1/Regime_vrai/system/Boot.php(68): CodeIgniter\Boot::runCodeIgniter()
#11 /home/user/Documents/GITHUB1/Regime_vrai/public/index.php(59): CodeIgniter\Boot::bootWeb()
#12 {main}
<<<<<<< Updated upstream
CRITICAL - 2026-05-08 15:47:31 --> CodeIgniter\Database\Exceptions\DatabaseException: Unable to connect to the database.
=======
CRITICAL - 2026-05-08 16:21:02 --> CodeIgniter\Database\Exceptions\DatabaseException: Unable to connect to the database.
>>>>>>> Stashed changes
Main connection [MySQLi]: Access denied for user '****'@'localhost' (using password: YES)
[Method: GET, Route: Regime/go_to_regime]
in SYSTEMPATH/Database/BaseConnection.php on line 606.
 1 SYSTEMPATH/Database/BaseConnection.php(795): CodeIgniter\Database\BaseConnection->initialize()
 2 SYSTEMPATH/Database/BaseBuilder.php(1649): CodeIgniter\Database\BaseConnection->query()
 3 SYSTEMPATH/Model.php(253): CodeIgniter\Database\BaseBuilder->get()
 4 SYSTEMPATH/BaseModel.php(676): CodeIgniter\Model->doFindAll()
 5 APPPATH/Controllers/RegimeController.php(24): CodeIgniter\BaseModel->findAll()
 6 SYSTEMPATH/CodeIgniter.php(951): App\Controllers\RegimeController->go_to_regime()
 7 SYSTEMPATH/CodeIgniter.php(497): CodeIgniter\CodeIgniter->runController()
 8 SYSTEMPATH/CodeIgniter.php(340): CodeIgniter\CodeIgniter->handleRequest()
 9 SYSTEMPATH/Boot.php(417): CodeIgniter\CodeIgniter->run()
10 SYSTEMPATH/Boot.php(68): CodeIgniter\Boot::runCodeIgniter()
11 FCPATH/index.php(59): CodeIgniter\Boot::bootWeb()
<<<<<<< Updated upstream
ERROR - 2026-05-08 15:47:35 --> Error connecting to the database: mysqli_sql_exception: Access denied for user 'php'@'localhost' (using password: YES) in /home/user/Documents/GITHUB1/Regime_vrai/system/Database/MySQLi/Connection.php:201
=======
ERROR - 2026-05-08 16:21:03 --> Error connecting to the database: mysqli_sql_exception: Access denied for user 'php'@'localhost' (using password: YES) in /home/user/Documents/GITHUB1/Regime_vrai/system/Database/MySQLi/Connection.php:201
>>>>>>> Stashed changes
Stack trace:
#0 /home/user/Documents/GITHUB1/Regime_vrai/system/Database/MySQLi/Connection.php(201): mysqli->real_connect()
#1 /home/user/Documents/GITHUB1/Regime_vrai/system/Database/BaseConnection.php(555): CodeIgniter\Database\MySQLi\Connection->connect()
#2 /home/user/Documents/GITHUB1/Regime_vrai/system/Database/BaseConnection.php(795): CodeIgniter\Database\BaseConnection->initialize()
#3 /home/user/Documents/GITHUB1/Regime_vrai/system/Database/BaseBuilder.php(1649): CodeIgniter\Database\BaseConnection->query()
#4 /home/user/Documents/GITHUB1/Regime_vrai/system/Model.php(253): CodeIgniter\Database\BaseBuilder->get()
#5 /home/user/Documents/GITHUB1/Regime_vrai/system/BaseModel.php(676): CodeIgniter\Model->doFindAll()
#6 /home/user/Documents/GITHUB1/Regime_vrai/app/Controllers/RegimeController.php(24): CodeIgniter\BaseModel->findAll()
#7 /home/user/Documents/GITHUB1/Regime_vrai/system/CodeIgniter.php(951): App\Controllers\RegimeController->go_to_regime()
#8 /home/user/Documents/GITHUB1/Regime_vrai/system/CodeIgniter.php(497): CodeIgniter\CodeIgniter->runController()
#9 /home/user/Documents/GITHUB1/Regime_vrai/system/CodeIgniter.php(340): CodeIgniter\CodeIgniter->handleRequest()
#10 /home/user/Documents/GITHUB1/Regime_vrai/system/Boot.php(417): CodeIgniter\CodeIgniter->run()
#11 /home/user/Documents/GITHUB1/Regime_vrai/system/Boot.php(68): CodeIgniter\Boot::runCodeIgniter()
#12 /home/user/Documents/GITHUB1/Regime_vrai/public/index.php(59): CodeIgniter\Boot::bootWeb()
#13 {main}

Next CodeIgniter\Database\Exceptions\DatabaseException: Access denied for user '****'@'localhost' (using password: YES) in /home/user/Documents/GITHUB1/Regime_vrai/system/Database/MySQLi/Connection.php:231
Stack trace:
#0 /home/user/Documents/GITHUB1/Regime_vrai/system/Database/BaseConnection.php(555): CodeIgniter\Database\MySQLi\Connection->connect()
#1 /home/user/Documents/GITHUB1/Regime_vrai/system/Database/BaseConnection.php(795): CodeIgniter\Database\BaseConnection->initialize()
#2 /home/user/Documents/GITHUB1/Regime_vrai/system/Database/BaseBuilder.php(1649): CodeIgniter\Database\BaseConnection->query()
#3 /home/user/Documents/GITHUB1/Regime_vrai/system/Model.php(253): CodeIgniter\Database\BaseBuilder->get()
#4 /home/user/Documents/GITHUB1/Regime_vrai/system/BaseModel.php(676): CodeIgniter\Model->doFindAll()
#5 /home/user/Documents/GITHUB1/Regime_vrai/app/Controllers/RegimeController.php(24): CodeIgniter\BaseModel->findAll()
#6 /home/user/Documents/GITHUB1/Regime_vrai/system/CodeIgniter.php(951): App\Controllers\RegimeController->go_to_regime()
#7 /home/user/Documents/GITHUB1/Regime_vrai/system/CodeIgniter.php(497): CodeIgniter\CodeIgniter->runController()
#8 /home/user/Documents/GITHUB1/Regime_vrai/system/CodeIgniter.php(340): CodeIgniter\CodeIgniter->handleRequest()
#9 /home/user/Documents/GITHUB1/Regime_vrai/system/Boot.php(417): CodeIgniter\CodeIgniter->run()
#10 /home/user/Documents/GITHUB1/Regime_vrai/system/Boot.php(68): CodeIgniter\Boot::runCodeIgniter()
#11 /home/user/Documents/GITHUB1/Regime_vrai/public/index.php(59): CodeIgniter\Boot::bootWeb()
#12 {main}
<<<<<<< Updated upstream
CRITICAL - 2026-05-08 15:47:35 --> CodeIgniter\Database\Exceptions\DatabaseException: Unable to connect to the database.
=======
CRITICAL - 2026-05-08 16:21:03 --> CodeIgniter\Database\Exceptions\DatabaseException: Unable to connect to the database.
>>>>>>> Stashed changes
Main connection [MySQLi]: Access denied for user '****'@'localhost' (using password: YES)
[Method: GET, Route: Regime/go_to_regime]
in SYSTEMPATH/Database/BaseConnection.php on line 606.
 1 SYSTEMPATH/Database/BaseConnection.php(795): CodeIgniter\Database\BaseConnection->initialize()
 2 SYSTEMPATH/Database/BaseBuilder.php(1649): CodeIgniter\Database\BaseConnection->query()
 3 SYSTEMPATH/Model.php(253): CodeIgniter\Database\BaseBuilder->get()
 4 SYSTEMPATH/BaseModel.php(676): CodeIgniter\Model->doFindAll()
 5 APPPATH/Controllers/RegimeController.php(24): CodeIgniter\BaseModel->findAll()
 6 SYSTEMPATH/CodeIgniter.php(951): App\Controllers\RegimeController->go_to_regime()
 7 SYSTEMPATH/CodeIgniter.php(497): CodeIgniter\CodeIgniter->runController()
 8 SYSTEMPATH/CodeIgniter.php(340): CodeIgniter\CodeIgniter->handleRequest()
 9 SYSTEMPATH/Boot.php(417): CodeIgniter\CodeIgniter->run()
10 SYSTEMPATH/Boot.php(68): CodeIgniter\Boot::runCodeIgniter()
11 FCPATH/index.php(59): CodeIgniter\Boot::bootWeb()
<<<<<<< Updated upstream
ERROR - 2026-05-08 15:47:43 --> Error connecting to the database: mysqli_sql_exception: Access denied for user 'php'@'localhost' (using password: YES) in /home/user/Documents/GITHUB1/Regime_vrai/system/Database/MySQLi/Connection.php:201
=======
ERROR - 2026-05-08 16:21:03 --> Error connecting to the database: mysqli_sql_exception: Access denied for user 'php'@'localhost' (using password: YES) in /home/user/Documents/GITHUB1/Regime_vrai/system/Database/MySQLi/Connection.php:201
>>>>>>> Stashed changes
Stack trace:
#0 /home/user/Documents/GITHUB1/Regime_vrai/system/Database/MySQLi/Connection.php(201): mysqli->real_connect()
#1 /home/user/Documents/GITHUB1/Regime_vrai/system/Database/BaseConnection.php(555): CodeIgniter\Database\MySQLi\Connection->connect()
#2 /home/user/Documents/GITHUB1/Regime_vrai/system/Database/BaseConnection.php(795): CodeIgniter\Database\BaseConnection->initialize()
#3 /home/user/Documents/GITHUB1/Regime_vrai/system/Database/BaseBuilder.php(1649): CodeIgniter\Database\BaseConnection->query()
#4 /home/user/Documents/GITHUB1/Regime_vrai/system/Model.php(253): CodeIgniter\Database\BaseBuilder->get()
#5 /home/user/Documents/GITHUB1/Regime_vrai/system/BaseModel.php(676): CodeIgniter\Model->doFindAll()
#6 /home/user/Documents/GITHUB1/Regime_vrai/app/Controllers/RegimeController.php(24): CodeIgniter\BaseModel->findAll()
#7 /home/user/Documents/GITHUB1/Regime_vrai/system/CodeIgniter.php(951): App\Controllers\RegimeController->go_to_regime()
#8 /home/user/Documents/GITHUB1/Regime_vrai/system/CodeIgniter.php(497): CodeIgniter\CodeIgniter->runController()
#9 /home/user/Documents/GITHUB1/Regime_vrai/system/CodeIgniter.php(340): CodeIgniter\CodeIgniter->handleRequest()
#10 /home/user/Documents/GITHUB1/Regime_vrai/system/Boot.php(417): CodeIgniter\CodeIgniter->run()
#11 /home/user/Documents/GITHUB1/Regime_vrai/system/Boot.php(68): CodeIgniter\Boot::runCodeIgniter()
#12 /home/user/Documents/GITHUB1/Regime_vrai/public/index.php(59): CodeIgniter\Boot::bootWeb()
#13 {main}

Next CodeIgniter\Database\Exceptions\DatabaseException: Access denied for user '****'@'localhost' (using password: YES) in /home/user/Documents/GITHUB1/Regime_vrai/system/Database/MySQLi/Connection.php:231
Stack trace:
#0 /home/user/Documents/GITHUB1/Regime_vrai/system/Database/BaseConnection.php(555): CodeIgniter\Database\MySQLi\Connection->connect()
#1 /home/user/Documents/GITHUB1/Regime_vrai/system/Database/BaseConnection.php(795): CodeIgniter\Database\BaseConnection->initialize()
#2 /home/user/Documents/GITHUB1/Regime_vrai/system/Database/BaseBuilder.php(1649): CodeIgniter\Database\BaseConnection->query()
#3 /home/user/Documents/GITHUB1/Regime_vrai/system/Model.php(253): CodeIgniter\Database\BaseBuilder->get()
#4 /home/user/Documents/GITHUB1/Regime_vrai/system/BaseModel.php(676): CodeIgniter\Model->doFindAll()
#5 /home/user/Documents/GITHUB1/Regime_vrai/app/Controllers/RegimeController.php(24): CodeIgniter\BaseModel->findAll()
#6 /home/user/Documents/GITHUB1/Regime_vrai/system/CodeIgniter.php(951): App\Controllers\RegimeController->go_to_regime()
#7 /home/user/Documents/GITHUB1/Regime_vrai/system/CodeIgniter.php(497): CodeIgniter\CodeIgniter->runController()
#8 /home/user/Documents/GITHUB1/Regime_vrai/system/CodeIgniter.php(340): CodeIgniter\CodeIgniter->handleRequest()
#9 /home/user/Documents/GITHUB1/Regime_vrai/system/Boot.php(417): CodeIgniter\CodeIgniter->run()
#10 /home/user/Documents/GITHUB1/Regime_vrai/system/Boot.php(68): CodeIgniter\Boot::runCodeIgniter()
#11 /home/user/Documents/GITHUB1/Regime_vrai/public/index.php(59): CodeIgniter\Boot::bootWeb()
#12 {main}
<<<<<<< Updated upstream
CRITICAL - 2026-05-08 15:47:43 --> CodeIgniter\Database\Exceptions\DatabaseException: Unable to connect to the database.
=======
CRITICAL - 2026-05-08 16:21:03 --> CodeIgniter\Database\Exceptions\DatabaseException: Unable to connect to the database.
>>>>>>> Stashed changes
Main connection [MySQLi]: Access denied for user '****'@'localhost' (using password: YES)
[Method: GET, Route: Regime/go_to_regime]
in SYSTEMPATH/Database/BaseConnection.php on line 606.
 1 SYSTEMPATH/Database/BaseConnection.php(795): CodeIgniter\Database\BaseConnection->initialize()
 2 SYSTEMPATH/Database/BaseBuilder.php(1649): CodeIgniter\Database\BaseConnection->query()
 3 SYSTEMPATH/Model.php(253): CodeIgniter\Database\BaseBuilder->get()
 4 SYSTEMPATH/BaseModel.php(676): CodeIgniter\Model->doFindAll()
 5 APPPATH/Controllers/RegimeController.php(24): CodeIgniter\BaseModel->findAll()
 6 SYSTEMPATH/CodeIgniter.php(951): App\Controllers\RegimeController->go_to_regime()
 7 SYSTEMPATH/CodeIgniter.php(497): CodeIgniter\CodeIgniter->runController()
 8 SYSTEMPATH/CodeIgniter.php(340): CodeIgniter\CodeIgniter->handleRequest()
 9 SYSTEMPATH/Boot.php(417): CodeIgniter\CodeIgniter->run()
10 SYSTEMPATH/Boot.php(68): CodeIgniter\Boot::runCodeIgniter()
11 FCPATH/index.php(59): CodeIgniter\Boot::bootWeb()
<<<<<<< Updated upstream
ERROR - 2026-05-08 15:47:43 --> Error connecting to the database: mysqli_sql_exception: Access denied for user 'php'@'localhost' (using password: YES) in /home/user/Documents/GITHUB1/Regime_vrai/system/Database/MySQLi/Connection.php:201
=======
ERROR - 2026-05-08 16:21:04 --> Error connecting to the database: mysqli_sql_exception: Access denied for user 'php'@'localhost' (using password: YES) in /home/user/Documents/GITHUB1/Regime_vrai/system/Database/MySQLi/Connection.php:201
>>>>>>> Stashed changes
Stack trace:
#0 /home/user/Documents/GITHUB1/Regime_vrai/system/Database/MySQLi/Connection.php(201): mysqli->real_connect()
#1 /home/user/Documents/GITHUB1/Regime_vrai/system/Database/BaseConnection.php(555): CodeIgniter\Database\MySQLi\Connection->connect()
#2 /home/user/Documents/GITHUB1/Regime_vrai/system/Database/BaseConnection.php(795): CodeIgniter\Database\BaseConnection->initialize()
#3 /home/user/Documents/GITHUB1/Regime_vrai/system/Database/BaseBuilder.php(1649): CodeIgniter\Database\BaseConnection->query()
#4 /home/user/Documents/GITHUB1/Regime_vrai/system/Model.php(253): CodeIgniter\Database\BaseBuilder->get()
#5 /home/user/Documents/GITHUB1/Regime_vrai/system/BaseModel.php(676): CodeIgniter\Model->doFindAll()
#6 /home/user/Documents/GITHUB1/Regime_vrai/app/Controllers/RegimeController.php(24): CodeIgniter\BaseModel->findAll()
#7 /home/user/Documents/GITHUB1/Regime_vrai/system/CodeIgniter.php(951): App\Controllers\RegimeController->go_to_regime()
#8 /home/user/Documents/GITHUB1/Regime_vrai/system/CodeIgniter.php(497): CodeIgniter\CodeIgniter->runController()
#9 /home/user/Documents/GITHUB1/Regime_vrai/system/CodeIgniter.php(340): CodeIgniter\CodeIgniter->handleRequest()
#10 /home/user/Documents/GITHUB1/Regime_vrai/system/Boot.php(417): CodeIgniter\CodeIgniter->run()
#11 /home/user/Documents/GITHUB1/Regime_vrai/system/Boot.php(68): CodeIgniter\Boot::runCodeIgniter()
#12 /home/user/Documents/GITHUB1/Regime_vrai/public/index.php(59): CodeIgniter\Boot::bootWeb()
#13 {main}

Next CodeIgniter\Database\Exceptions\DatabaseException: Access denied for user '****'@'localhost' (using password: YES) in /home/user/Documents/GITHUB1/Regime_vrai/system/Database/MySQLi/Connection.php:231
Stack trace:
#0 /home/user/Documents/GITHUB1/Regime_vrai/system/Database/BaseConnection.php(555): CodeIgniter\Database\MySQLi\Connection->connect()
#1 /home/user/Documents/GITHUB1/Regime_vrai/system/Database/BaseConnection.php(795): CodeIgniter\Database\BaseConnection->initialize()
#2 /home/user/Documents/GITHUB1/Regime_vrai/system/Database/BaseBuilder.php(1649): CodeIgniter\Database\BaseConnection->query()
#3 /home/user/Documents/GITHUB1/Regime_vrai/system/Model.php(253): CodeIgniter\Database\BaseBuilder->get()
#4 /home/user/Documents/GITHUB1/Regime_vrai/system/BaseModel.php(676): CodeIgniter\Model->doFindAll()
#5 /home/user/Documents/GITHUB1/Regime_vrai/app/Controllers/RegimeController.php(24): CodeIgniter\BaseModel->findAll()
#6 /home/user/Documents/GITHUB1/Regime_vrai/system/CodeIgniter.php(951): App\Controllers\RegimeController->go_to_regime()
#7 /home/user/Documents/GITHUB1/Regime_vrai/system/CodeIgniter.php(497): CodeIgniter\CodeIgniter->runController()
#8 /home/user/Documents/GITHUB1/Regime_vrai/system/CodeIgniter.php(340): CodeIgniter\CodeIgniter->handleRequest()
#9 /home/user/Documents/GITHUB1/Regime_vrai/system/Boot.php(417): CodeIgniter\CodeIgniter->run()
#10 /home/user/Documents/GITHUB1/Regime_vrai/system/Boot.php(68): CodeIgniter\Boot::runCodeIgniter()
#11 /home/user/Documents/GITHUB1/Regime_vrai/public/index.php(59): CodeIgniter\Boot::bootWeb()
#12 {main}
<<<<<<< Updated upstream
CRITICAL - 2026-05-08 15:47:43 --> CodeIgniter\Database\Exceptions\DatabaseException: Unable to connect to the database.
=======
CRITICAL - 2026-05-08 16:21:04 --> CodeIgniter\Database\Exceptions\DatabaseException: Unable to connect to the database.
>>>>>>> Stashed changes
Main connection [MySQLi]: Access denied for user '****'@'localhost' (using password: YES)
[Method: GET, Route: Regime/go_to_regime]
in SYSTEMPATH/Database/BaseConnection.php on line 606.
 1 SYSTEMPATH/Database/BaseConnection.php(795): CodeIgniter\Database\BaseConnection->initialize()
 2 SYSTEMPATH/Database/BaseBuilder.php(1649): CodeIgniter\Database\BaseConnection->query()
 3 SYSTEMPATH/Model.php(253): CodeIgniter\Database\BaseBuilder->get()
 4 SYSTEMPATH/BaseModel.php(676): CodeIgniter\Model->doFindAll()
 5 APPPATH/Controllers/RegimeController.php(24): CodeIgniter\BaseModel->findAll()
 6 SYSTEMPATH/CodeIgniter.php(951): App\Controllers\RegimeController->go_to_regime()
 7 SYSTEMPATH/CodeIgniter.php(497): CodeIgniter\CodeIgniter->runController()
 8 SYSTEMPATH/CodeIgniter.php(340): CodeIgniter\CodeIgniter->handleRequest()
 9 SYSTEMPATH/Boot.php(417): CodeIgniter\CodeIgniter->run()
10 SYSTEMPATH/Boot.php(68): CodeIgniter\Boot::runCodeIgniter()
11 FCPATH/index.php(59): CodeIgniter\Boot::bootWeb()
<<<<<<< Updated upstream
ERROR - 2026-05-08 15:47:43 --> Error connecting to the database: mysqli_sql_exception: Access denied for user 'php'@'localhost' (using password: YES) in /home/user/Documents/GITHUB1/Regime_vrai/system/Database/MySQLi/Connection.php:201
=======
ERROR - 2026-05-08 16:21:04 --> Error connecting to the database: mysqli_sql_exception: Access denied for user 'php'@'localhost' (using password: YES) in /home/user/Documents/GITHUB1/Regime_vrai/system/Database/MySQLi/Connection.php:201
>>>>>>> Stashed changes
Stack trace:
#0 /home/user/Documents/GITHUB1/Regime_vrai/system/Database/MySQLi/Connection.php(201): mysqli->real_connect()
#1 /home/user/Documents/GITHUB1/Regime_vrai/system/Database/BaseConnection.php(555): CodeIgniter\Database\MySQLi\Connection->connect()
#2 /home/user/Documents/GITHUB1/Regime_vrai/system/Database/BaseConnection.php(795): CodeIgniter\Database\BaseConnection->initialize()
#3 /home/user/Documents/GITHUB1/Regime_vrai/system/Database/BaseBuilder.php(1649): CodeIgniter\Database\BaseConnection->query()
#4 /home/user/Documents/GITHUB1/Regime_vrai/system/Model.php(253): CodeIgniter\Database\BaseBuilder->get()
#5 /home/user/Documents/GITHUB1/Regime_vrai/system/BaseModel.php(676): CodeIgniter\Model->doFindAll()
#6 /home/user/Documents/GITHUB1/Regime_vrai/app/Controllers/RegimeController.php(24): CodeIgniter\BaseModel->findAll()
#7 /home/user/Documents/GITHUB1/Regime_vrai/system/CodeIgniter.php(951): App\Controllers\RegimeController->go_to_regime()
#8 /home/user/Documents/GITHUB1/Regime_vrai/system/CodeIgniter.php(497): CodeIgniter\CodeIgniter->runController()
#9 /home/user/Documents/GITHUB1/Regime_vrai/system/CodeIgniter.php(340): CodeIgniter\CodeIgniter->handleRequest()
#10 /home/user/Documents/GITHUB1/Regime_vrai/system/Boot.php(417): CodeIgniter\CodeIgniter->run()
#11 /home/user/Documents/GITHUB1/Regime_vrai/system/Boot.php(68): CodeIgniter\Boot::runCodeIgniter()
#12 /home/user/Documents/GITHUB1/Regime_vrai/public/index.php(59): CodeIgniter\Boot::bootWeb()
#13 {main}

Next CodeIgniter\Database\Exceptions\DatabaseException: Access denied for user '****'@'localhost' (using password: YES) in /home/user/Documents/GITHUB1/Regime_vrai/system/Database/MySQLi/Connection.php:231
Stack trace:
#0 /home/user/Documents/GITHUB1/Regime_vrai/system/Database/BaseConnection.php(555): CodeIgniter\Database\MySQLi\Connection->connect()
#1 /home/user/Documents/GITHUB1/Regime_vrai/system/Database/BaseConnection.php(795): CodeIgniter\Database\BaseConnection->initialize()
#2 /home/user/Documents/GITHUB1/Regime_vrai/system/Database/BaseBuilder.php(1649): CodeIgniter\Database\BaseConnection->query()
#3 /home/user/Documents/GITHUB1/Regime_vrai/system/Model.php(253): CodeIgniter\Database\BaseBuilder->get()
#4 /home/user/Documents/GITHUB1/Regime_vrai/system/BaseModel.php(676): CodeIgniter\Model->doFindAll()
#5 /home/user/Documents/GITHUB1/Regime_vrai/app/Controllers/RegimeController.php(24): CodeIgniter\BaseModel->findAll()
#6 /home/user/Documents/GITHUB1/Regime_vrai/system/CodeIgniter.php(951): App\Controllers\RegimeController->go_to_regime()
#7 /home/user/Documents/GITHUB1/Regime_vrai/system/CodeIgniter.php(497): CodeIgniter\CodeIgniter->runController()
#8 /home/user/Documents/GITHUB1/Regime_vrai/system/CodeIgniter.php(340): CodeIgniter\CodeIgniter->handleRequest()
#9 /home/user/Documents/GITHUB1/Regime_vrai/system/Boot.php(417): CodeIgniter\CodeIgniter->run()
#10 /home/user/Documents/GITHUB1/Regime_vrai/system/Boot.php(68): CodeIgniter\Boot::runCodeIgniter()
#11 /home/user/Documents/GITHUB1/Regime_vrai/public/index.php(59): CodeIgniter\Boot::bootWeb()
#12 {main}
<<<<<<< Updated upstream
CRITICAL - 2026-05-08 15:47:43 --> CodeIgniter\Database\Exceptions\DatabaseException: Unable to connect to the database.
Main connection [MySQLi]: Access denied for user '****'@'localhost' (using password: YES)
[Method: GET, Route: Regime/go_to_regime]
in SYSTEMPATH/Database/BaseConnection.php on line 606.
 1 SYSTEMPATH/Database/BaseConnection.php(795): CodeIgniter\Database\BaseConnection->initialize()
 2 SYSTEMPATH/Database/BaseBuilder.php(1649): CodeIgniter\Database\BaseConnection->query()
 3 SYSTEMPATH/Model.php(253): CodeIgniter\Database\BaseBuilder->get()
 4 SYSTEMPATH/BaseModel.php(676): CodeIgniter\Model->doFindAll()
 5 APPPATH/Controllers/RegimeController.php(24): CodeIgniter\BaseModel->findAll()
 6 SYSTEMPATH/CodeIgniter.php(951): App\Controllers\RegimeController->go_to_regime()
 7 SYSTEMPATH/CodeIgniter.php(497): CodeIgniter\CodeIgniter->runController()
 8 SYSTEMPATH/CodeIgniter.php(340): CodeIgniter\CodeIgniter->handleRequest()
 9 SYSTEMPATH/Boot.php(417): CodeIgniter\CodeIgniter->run()
10 SYSTEMPATH/Boot.php(68): CodeIgniter\Boot::runCodeIgniter()
11 FCPATH/index.php(59): CodeIgniter\Boot::bootWeb()
ERROR - 2026-05-08 15:47:44 --> Error connecting to the database: mysqli_sql_exception: Access denied for user 'php'@'localhost' (using password: YES) in /home/user/Documents/GITHUB1/Regime_vrai/system/Database/MySQLi/Connection.php:201
Stack trace:
#0 /home/user/Documents/GITHUB1/Regime_vrai/system/Database/MySQLi/Connection.php(201): mysqli->real_connect()
#1 /home/user/Documents/GITHUB1/Regime_vrai/system/Database/BaseConnection.php(555): CodeIgniter\Database\MySQLi\Connection->connect()
#2 /home/user/Documents/GITHUB1/Regime_vrai/system/Database/BaseConnection.php(795): CodeIgniter\Database\BaseConnection->initialize()
#3 /home/user/Documents/GITHUB1/Regime_vrai/system/Database/BaseBuilder.php(1649): CodeIgniter\Database\BaseConnection->query()
#4 /home/user/Documents/GITHUB1/Regime_vrai/system/Model.php(253): CodeIgniter\Database\BaseBuilder->get()
#5 /home/user/Documents/GITHUB1/Regime_vrai/system/BaseModel.php(676): CodeIgniter\Model->doFindAll()
#6 /home/user/Documents/GITHUB1/Regime_vrai/app/Controllers/RegimeController.php(24): CodeIgniter\BaseModel->findAll()
#7 /home/user/Documents/GITHUB1/Regime_vrai/system/CodeIgniter.php(951): App\Controllers\RegimeController->go_to_regime()
#8 /home/user/Documents/GITHUB1/Regime_vrai/system/CodeIgniter.php(497): CodeIgniter\CodeIgniter->runController()
#9 /home/user/Documents/GITHUB1/Regime_vrai/system/CodeIgniter.php(340): CodeIgniter\CodeIgniter->handleRequest()
#10 /home/user/Documents/GITHUB1/Regime_vrai/system/Boot.php(417): CodeIgniter\CodeIgniter->run()
#11 /home/user/Documents/GITHUB1/Regime_vrai/system/Boot.php(68): CodeIgniter\Boot::runCodeIgniter()
#12 /home/user/Documents/GITHUB1/Regime_vrai/public/index.php(59): CodeIgniter\Boot::bootWeb()
#13 {main}

Next CodeIgniter\Database\Exceptions\DatabaseException: Access denied for user '****'@'localhost' (using password: YES) in /home/user/Documents/GITHUB1/Regime_vrai/system/Database/MySQLi/Connection.php:231
Stack trace:
#0 /home/user/Documents/GITHUB1/Regime_vrai/system/Database/BaseConnection.php(555): CodeIgniter\Database\MySQLi\Connection->connect()
#1 /home/user/Documents/GITHUB1/Regime_vrai/system/Database/BaseConnection.php(795): CodeIgniter\Database\BaseConnection->initialize()
#2 /home/user/Documents/GITHUB1/Regime_vrai/system/Database/BaseBuilder.php(1649): CodeIgniter\Database\BaseConnection->query()
#3 /home/user/Documents/GITHUB1/Regime_vrai/system/Model.php(253): CodeIgniter\Database\BaseBuilder->get()
#4 /home/user/Documents/GITHUB1/Regime_vrai/system/BaseModel.php(676): CodeIgniter\Model->doFindAll()
#5 /home/user/Documents/GITHUB1/Regime_vrai/app/Controllers/RegimeController.php(24): CodeIgniter\BaseModel->findAll()
#6 /home/user/Documents/GITHUB1/Regime_vrai/system/CodeIgniter.php(951): App\Controllers\RegimeController->go_to_regime()
#7 /home/user/Documents/GITHUB1/Regime_vrai/system/CodeIgniter.php(497): CodeIgniter\CodeIgniter->runController()
#8 /home/user/Documents/GITHUB1/Regime_vrai/system/CodeIgniter.php(340): CodeIgniter\CodeIgniter->handleRequest()
#9 /home/user/Documents/GITHUB1/Regime_vrai/system/Boot.php(417): CodeIgniter\CodeIgniter->run()
#10 /home/user/Documents/GITHUB1/Regime_vrai/system/Boot.php(68): CodeIgniter\Boot::runCodeIgniter()
#11 /home/user/Documents/GITHUB1/Regime_vrai/public/index.php(59): CodeIgniter\Boot::bootWeb()
#12 {main}
CRITICAL - 2026-05-08 15:47:44 --> CodeIgniter\Database\Exceptions\DatabaseException: Unable to connect to the database.
Main connection [MySQLi]: Access denied for user '****'@'localhost' (using password: YES)
[Method: GET, Route: Regime/go_to_regime]
in SYSTEMPATH/Database/BaseConnection.php on line 606.
 1 SYSTEMPATH/Database/BaseConnection.php(795): CodeIgniter\Database\BaseConnection->initialize()
 2 SYSTEMPATH/Database/BaseBuilder.php(1649): CodeIgniter\Database\BaseConnection->query()
 3 SYSTEMPATH/Model.php(253): CodeIgniter\Database\BaseBuilder->get()
 4 SYSTEMPATH/BaseModel.php(676): CodeIgniter\Model->doFindAll()
 5 APPPATH/Controllers/RegimeController.php(24): CodeIgniter\BaseModel->findAll()
 6 SYSTEMPATH/CodeIgniter.php(951): App\Controllers\RegimeController->go_to_regime()
 7 SYSTEMPATH/CodeIgniter.php(497): CodeIgniter\CodeIgniter->runController()
 8 SYSTEMPATH/CodeIgniter.php(340): CodeIgniter\CodeIgniter->handleRequest()
 9 SYSTEMPATH/Boot.php(417): CodeIgniter\CodeIgniter->run()
10 SYSTEMPATH/Boot.php(68): CodeIgniter\Boot::runCodeIgniter()
11 FCPATH/index.php(59): CodeIgniter\Boot::bootWeb()
ERROR - 2026-05-08 15:47:44 --> Error connecting to the database: mysqli_sql_exception: Access denied for user 'php'@'localhost' (using password: YES) in /home/user/Documents/GITHUB1/Regime_vrai/system/Database/MySQLi/Connection.php:201
Stack trace:
#0 /home/user/Documents/GITHUB1/Regime_vrai/system/Database/MySQLi/Connection.php(201): mysqli->real_connect()
#1 /home/user/Documents/GITHUB1/Regime_vrai/system/Database/BaseConnection.php(555): CodeIgniter\Database\MySQLi\Connection->connect()
#2 /home/user/Documents/GITHUB1/Regime_vrai/system/Database/BaseConnection.php(795): CodeIgniter\Database\BaseConnection->initialize()
#3 /home/user/Documents/GITHUB1/Regime_vrai/system/Database/BaseBuilder.php(1649): CodeIgniter\Database\BaseConnection->query()
#4 /home/user/Documents/GITHUB1/Regime_vrai/system/Model.php(253): CodeIgniter\Database\BaseBuilder->get()
#5 /home/user/Documents/GITHUB1/Regime_vrai/system/BaseModel.php(676): CodeIgniter\Model->doFindAll()
#6 /home/user/Documents/GITHUB1/Regime_vrai/app/Controllers/RegimeController.php(24): CodeIgniter\BaseModel->findAll()
#7 /home/user/Documents/GITHUB1/Regime_vrai/system/CodeIgniter.php(951): App\Controllers\RegimeController->go_to_regime()
#8 /home/user/Documents/GITHUB1/Regime_vrai/system/CodeIgniter.php(497): CodeIgniter\CodeIgniter->runController()
#9 /home/user/Documents/GITHUB1/Regime_vrai/system/CodeIgniter.php(340): CodeIgniter\CodeIgniter->handleRequest()
#10 /home/user/Documents/GITHUB1/Regime_vrai/system/Boot.php(417): CodeIgniter\CodeIgniter->run()
#11 /home/user/Documents/GITHUB1/Regime_vrai/system/Boot.php(68): CodeIgniter\Boot::runCodeIgniter()
#12 /home/user/Documents/GITHUB1/Regime_vrai/public/index.php(59): CodeIgniter\Boot::bootWeb()
#13 {main}

Next CodeIgniter\Database\Exceptions\DatabaseException: Access denied for user '****'@'localhost' (using password: YES) in /home/user/Documents/GITHUB1/Regime_vrai/system/Database/MySQLi/Connection.php:231
Stack trace:
#0 /home/user/Documents/GITHUB1/Regime_vrai/system/Database/BaseConnection.php(555): CodeIgniter\Database\MySQLi\Connection->connect()
#1 /home/user/Documents/GITHUB1/Regime_vrai/system/Database/BaseConnection.php(795): CodeIgniter\Database\BaseConnection->initialize()
#2 /home/user/Documents/GITHUB1/Regime_vrai/system/Database/BaseBuilder.php(1649): CodeIgniter\Database\BaseConnection->query()
#3 /home/user/Documents/GITHUB1/Regime_vrai/system/Model.php(253): CodeIgniter\Database\BaseBuilder->get()
#4 /home/user/Documents/GITHUB1/Regime_vrai/system/BaseModel.php(676): CodeIgniter\Model->doFindAll()
#5 /home/user/Documents/GITHUB1/Regime_vrai/app/Controllers/RegimeController.php(24): CodeIgniter\BaseModel->findAll()
#6 /home/user/Documents/GITHUB1/Regime_vrai/system/CodeIgniter.php(951): App\Controllers\RegimeController->go_to_regime()
#7 /home/user/Documents/GITHUB1/Regime_vrai/system/CodeIgniter.php(497): CodeIgniter\CodeIgniter->runController()
#8 /home/user/Documents/GITHUB1/Regime_vrai/system/CodeIgniter.php(340): CodeIgniter\CodeIgniter->handleRequest()
#9 /home/user/Documents/GITHUB1/Regime_vrai/system/Boot.php(417): CodeIgniter\CodeIgniter->run()
#10 /home/user/Documents/GITHUB1/Regime_vrai/system/Boot.php(68): CodeIgniter\Boot::runCodeIgniter()
#11 /home/user/Documents/GITHUB1/Regime_vrai/public/index.php(59): CodeIgniter\Boot::bootWeb()
#12 {main}
CRITICAL - 2026-05-08 15:47:44 --> CodeIgniter\Database\Exceptions\DatabaseException: Unable to connect to the database.
Main connection [MySQLi]: Access denied for user '****'@'localhost' (using password: YES)
[Method: GET, Route: Regime/go_to_regime]
in SYSTEMPATH/Database/BaseConnection.php on line 606.
 1 SYSTEMPATH/Database/BaseConnection.php(795): CodeIgniter\Database\BaseConnection->initialize()
 2 SYSTEMPATH/Database/BaseBuilder.php(1649): CodeIgniter\Database\BaseConnection->query()
 3 SYSTEMPATH/Model.php(253): CodeIgniter\Database\BaseBuilder->get()
 4 SYSTEMPATH/BaseModel.php(676): CodeIgniter\Model->doFindAll()
 5 APPPATH/Controllers/RegimeController.php(24): CodeIgniter\BaseModel->findAll()
 6 SYSTEMPATH/CodeIgniter.php(951): App\Controllers\RegimeController->go_to_regime()
 7 SYSTEMPATH/CodeIgniter.php(497): CodeIgniter\CodeIgniter->runController()
 8 SYSTEMPATH/CodeIgniter.php(340): CodeIgniter\CodeIgniter->handleRequest()
 9 SYSTEMPATH/Boot.php(417): CodeIgniter\CodeIgniter->run()
10 SYSTEMPATH/Boot.php(68): CodeIgniter\Boot::runCodeIgniter()
11 FCPATH/index.php(59): CodeIgniter\Boot::bootWeb()
ERROR - 2026-05-08 15:47:44 --> Error connecting to the database: mysqli_sql_exception: Access denied for user 'php'@'localhost' (using password: YES) in /home/user/Documents/GITHUB1/Regime_vrai/system/Database/MySQLi/Connection.php:201
Stack trace:
#0 /home/user/Documents/GITHUB1/Regime_vrai/system/Database/MySQLi/Connection.php(201): mysqli->real_connect()
#1 /home/user/Documents/GITHUB1/Regime_vrai/system/Database/BaseConnection.php(555): CodeIgniter\Database\MySQLi\Connection->connect()
#2 /home/user/Documents/GITHUB1/Regime_vrai/system/Database/BaseConnection.php(795): CodeIgniter\Database\BaseConnection->initialize()
#3 /home/user/Documents/GITHUB1/Regime_vrai/system/Database/BaseBuilder.php(1649): CodeIgniter\Database\BaseConnection->query()
#4 /home/user/Documents/GITHUB1/Regime_vrai/system/Model.php(253): CodeIgniter\Database\BaseBuilder->get()
#5 /home/user/Documents/GITHUB1/Regime_vrai/system/BaseModel.php(676): CodeIgniter\Model->doFindAll()
#6 /home/user/Documents/GITHUB1/Regime_vrai/app/Controllers/RegimeController.php(24): CodeIgniter\BaseModel->findAll()
#7 /home/user/Documents/GITHUB1/Regime_vrai/system/CodeIgniter.php(951): App\Controllers\RegimeController->go_to_regime()
#8 /home/user/Documents/GITHUB1/Regime_vrai/system/CodeIgniter.php(497): CodeIgniter\CodeIgniter->runController()
#9 /home/user/Documents/GITHUB1/Regime_vrai/system/CodeIgniter.php(340): CodeIgniter\CodeIgniter->handleRequest()
#10 /home/user/Documents/GITHUB1/Regime_vrai/system/Boot.php(417): CodeIgniter\CodeIgniter->run()
#11 /home/user/Documents/GITHUB1/Regime_vrai/system/Boot.php(68): CodeIgniter\Boot::runCodeIgniter()
#12 /home/user/Documents/GITHUB1/Regime_vrai/public/index.php(59): CodeIgniter\Boot::bootWeb()
#13 {main}

Next CodeIgniter\Database\Exceptions\DatabaseException: Access denied for user '****'@'localhost' (using password: YES) in /home/user/Documents/GITHUB1/Regime_vrai/system/Database/MySQLi/Connection.php:231
Stack trace:
#0 /home/user/Documents/GITHUB1/Regime_vrai/system/Database/BaseConnection.php(555): CodeIgniter\Database\MySQLi\Connection->connect()
#1 /home/user/Documents/GITHUB1/Regime_vrai/system/Database/BaseConnection.php(795): CodeIgniter\Database\BaseConnection->initialize()
#2 /home/user/Documents/GITHUB1/Regime_vrai/system/Database/BaseBuilder.php(1649): CodeIgniter\Database\BaseConnection->query()
#3 /home/user/Documents/GITHUB1/Regime_vrai/system/Model.php(253): CodeIgniter\Database\BaseBuilder->get()
#4 /home/user/Documents/GITHUB1/Regime_vrai/system/BaseModel.php(676): CodeIgniter\Model->doFindAll()
#5 /home/user/Documents/GITHUB1/Regime_vrai/app/Controllers/RegimeController.php(24): CodeIgniter\BaseModel->findAll()
#6 /home/user/Documents/GITHUB1/Regime_vrai/system/CodeIgniter.php(951): App\Controllers\RegimeController->go_to_regime()
#7 /home/user/Documents/GITHUB1/Regime_vrai/system/CodeIgniter.php(497): CodeIgniter\CodeIgniter->runController()
#8 /home/user/Documents/GITHUB1/Regime_vrai/system/CodeIgniter.php(340): CodeIgniter\CodeIgniter->handleRequest()
#9 /home/user/Documents/GITHUB1/Regime_vrai/system/Boot.php(417): CodeIgniter\CodeIgniter->run()
#10 /home/user/Documents/GITHUB1/Regime_vrai/system/Boot.php(68): CodeIgniter\Boot::runCodeIgniter()
#11 /home/user/Documents/GITHUB1/Regime_vrai/public/index.php(59): CodeIgniter\Boot::bootWeb()
#12 {main}
CRITICAL - 2026-05-08 15:47:44 --> CodeIgniter\Database\Exceptions\DatabaseException: Unable to connect to the database.
Main connection [MySQLi]: Access denied for user '****'@'localhost' (using password: YES)
[Method: GET, Route: Regime/go_to_regime]
in SYSTEMPATH/Database/BaseConnection.php on line 606.
 1 SYSTEMPATH/Database/BaseConnection.php(795): CodeIgniter\Database\BaseConnection->initialize()
 2 SYSTEMPATH/Database/BaseBuilder.php(1649): CodeIgniter\Database\BaseConnection->query()
 3 SYSTEMPATH/Model.php(253): CodeIgniter\Database\BaseBuilder->get()
 4 SYSTEMPATH/BaseModel.php(676): CodeIgniter\Model->doFindAll()
 5 APPPATH/Controllers/RegimeController.php(24): CodeIgniter\BaseModel->findAll()
 6 SYSTEMPATH/CodeIgniter.php(951): App\Controllers\RegimeController->go_to_regime()
 7 SYSTEMPATH/CodeIgniter.php(497): CodeIgniter\CodeIgniter->runController()
 8 SYSTEMPATH/CodeIgniter.php(340): CodeIgniter\CodeIgniter->handleRequest()
 9 SYSTEMPATH/Boot.php(417): CodeIgniter\CodeIgniter->run()
10 SYSTEMPATH/Boot.php(68): CodeIgniter\Boot::runCodeIgniter()
11 FCPATH/index.php(59): CodeIgniter\Boot::bootWeb()
ERROR - 2026-05-08 15:47:44 --> Error connecting to the database: mysqli_sql_exception: Access denied for user 'php'@'localhost' (using password: YES) in /home/user/Documents/GITHUB1/Regime_vrai/system/Database/MySQLi/Connection.php:201
Stack trace:
#0 /home/user/Documents/GITHUB1/Regime_vrai/system/Database/MySQLi/Connection.php(201): mysqli->real_connect()
#1 /home/user/Documents/GITHUB1/Regime_vrai/system/Database/BaseConnection.php(555): CodeIgniter\Database\MySQLi\Connection->connect()
#2 /home/user/Documents/GITHUB1/Regime_vrai/system/Database/BaseConnection.php(795): CodeIgniter\Database\BaseConnection->initialize()
#3 /home/user/Documents/GITHUB1/Regime_vrai/system/Database/BaseBuilder.php(1649): CodeIgniter\Database\BaseConnection->query()
#4 /home/user/Documents/GITHUB1/Regime_vrai/system/Model.php(253): CodeIgniter\Database\BaseBuilder->get()
#5 /home/user/Documents/GITHUB1/Regime_vrai/system/BaseModel.php(676): CodeIgniter\Model->doFindAll()
#6 /home/user/Documents/GITHUB1/Regime_vrai/app/Controllers/RegimeController.php(24): CodeIgniter\BaseModel->findAll()
#7 /home/user/Documents/GITHUB1/Regime_vrai/system/CodeIgniter.php(951): App\Controllers\RegimeController->go_to_regime()
#8 /home/user/Documents/GITHUB1/Regime_vrai/system/CodeIgniter.php(497): CodeIgniter\CodeIgniter->runController()
#9 /home/user/Documents/GITHUB1/Regime_vrai/system/CodeIgniter.php(340): CodeIgniter\CodeIgniter->handleRequest()
#10 /home/user/Documents/GITHUB1/Regime_vrai/system/Boot.php(417): CodeIgniter\CodeIgniter->run()
#11 /home/user/Documents/GITHUB1/Regime_vrai/system/Boot.php(68): CodeIgniter\Boot::runCodeIgniter()
#12 /home/user/Documents/GITHUB1/Regime_vrai/public/index.php(59): CodeIgniter\Boot::bootWeb()
#13 {main}

Next CodeIgniter\Database\Exceptions\DatabaseException: Access denied for user '****'@'localhost' (using password: YES) in /home/user/Documents/GITHUB1/Regime_vrai/system/Database/MySQLi/Connection.php:231
Stack trace:
#0 /home/user/Documents/GITHUB1/Regime_vrai/system/Database/BaseConnection.php(555): CodeIgniter\Database\MySQLi\Connection->connect()
#1 /home/user/Documents/GITHUB1/Regime_vrai/system/Database/BaseConnection.php(795): CodeIgniter\Database\BaseConnection->initialize()
#2 /home/user/Documents/GITHUB1/Regime_vrai/system/Database/BaseBuilder.php(1649): CodeIgniter\Database\BaseConnection->query()
#3 /home/user/Documents/GITHUB1/Regime_vrai/system/Model.php(253): CodeIgniter\Database\BaseBuilder->get()
#4 /home/user/Documents/GITHUB1/Regime_vrai/system/BaseModel.php(676): CodeIgniter\Model->doFindAll()
#5 /home/user/Documents/GITHUB1/Regime_vrai/app/Controllers/RegimeController.php(24): CodeIgniter\BaseModel->findAll()
#6 /home/user/Documents/GITHUB1/Regime_vrai/system/CodeIgniter.php(951): App\Controllers\RegimeController->go_to_regime()
#7 /home/user/Documents/GITHUB1/Regime_vrai/system/CodeIgniter.php(497): CodeIgniter\CodeIgniter->runController()
#8 /home/user/Documents/GITHUB1/Regime_vrai/system/CodeIgniter.php(340): CodeIgniter\CodeIgniter->handleRequest()
#9 /home/user/Documents/GITHUB1/Regime_vrai/system/Boot.php(417): CodeIgniter\CodeIgniter->run()
#10 /home/user/Documents/GITHUB1/Regime_vrai/system/Boot.php(68): CodeIgniter\Boot::runCodeIgniter()
#11 /home/user/Documents/GITHUB1/Regime_vrai/public/index.php(59): CodeIgniter\Boot::bootWeb()
#12 {main}
CRITICAL - 2026-05-08 15:47:44 --> CodeIgniter\Database\Exceptions\DatabaseException: Unable to connect to the database.
Main connection [MySQLi]: Access denied for user '****'@'localhost' (using password: YES)
[Method: GET, Route: Regime/go_to_regime]
in SYSTEMPATH/Database/BaseConnection.php on line 606.
 1 SYSTEMPATH/Database/BaseConnection.php(795): CodeIgniter\Database\BaseConnection->initialize()
 2 SYSTEMPATH/Database/BaseBuilder.php(1649): CodeIgniter\Database\BaseConnection->query()
 3 SYSTEMPATH/Model.php(253): CodeIgniter\Database\BaseBuilder->get()
 4 SYSTEMPATH/BaseModel.php(676): CodeIgniter\Model->doFindAll()
 5 APPPATH/Controllers/RegimeController.php(24): CodeIgniter\BaseModel->findAll()
 6 SYSTEMPATH/CodeIgniter.php(951): App\Controllers\RegimeController->go_to_regime()
 7 SYSTEMPATH/CodeIgniter.php(497): CodeIgniter\CodeIgniter->runController()
 8 SYSTEMPATH/CodeIgniter.php(340): CodeIgniter\CodeIgniter->handleRequest()
 9 SYSTEMPATH/Boot.php(417): CodeIgniter\CodeIgniter->run()
10 SYSTEMPATH/Boot.php(68): CodeIgniter\Boot::runCodeIgniter()
11 FCPATH/index.php(59): CodeIgniter\Boot::bootWeb()
ERROR - 2026-05-08 15:47:44 --> Error connecting to the database: mysqli_sql_exception: Access denied for user 'php'@'localhost' (using password: YES) in /home/user/Documents/GITHUB1/Regime_vrai/system/Database/MySQLi/Connection.php:201
Stack trace:
#0 /home/user/Documents/GITHUB1/Regime_vrai/system/Database/MySQLi/Connection.php(201): mysqli->real_connect()
#1 /home/user/Documents/GITHUB1/Regime_vrai/system/Database/BaseConnection.php(555): CodeIgniter\Database\MySQLi\Connection->connect()
#2 /home/user/Documents/GITHUB1/Regime_vrai/system/Database/BaseConnection.php(795): CodeIgniter\Database\BaseConnection->initialize()
#3 /home/user/Documents/GITHUB1/Regime_vrai/system/Database/BaseBuilder.php(1649): CodeIgniter\Database\BaseConnection->query()
#4 /home/user/Documents/GITHUB1/Regime_vrai/system/Model.php(253): CodeIgniter\Database\BaseBuilder->get()
#5 /home/user/Documents/GITHUB1/Regime_vrai/system/BaseModel.php(676): CodeIgniter\Model->doFindAll()
#6 /home/user/Documents/GITHUB1/Regime_vrai/app/Controllers/RegimeController.php(24): CodeIgniter\BaseModel->findAll()
#7 /home/user/Documents/GITHUB1/Regime_vrai/system/CodeIgniter.php(951): App\Controllers\RegimeController->go_to_regime()
#8 /home/user/Documents/GITHUB1/Regime_vrai/system/CodeIgniter.php(497): CodeIgniter\CodeIgniter->runController()
#9 /home/user/Documents/GITHUB1/Regime_vrai/system/CodeIgniter.php(340): CodeIgniter\CodeIgniter->handleRequest()
#10 /home/user/Documents/GITHUB1/Regime_vrai/system/Boot.php(417): CodeIgniter\CodeIgniter->run()
#11 /home/user/Documents/GITHUB1/Regime_vrai/system/Boot.php(68): CodeIgniter\Boot::runCodeIgniter()
#12 /home/user/Documents/GITHUB1/Regime_vrai/public/index.php(59): CodeIgniter\Boot::bootWeb()
#13 {main}

Next CodeIgniter\Database\Exceptions\DatabaseException: Access denied for user '****'@'localhost' (using password: YES) in /home/user/Documents/GITHUB1/Regime_vrai/system/Database/MySQLi/Connection.php:231
Stack trace:
#0 /home/user/Documents/GITHUB1/Regime_vrai/system/Database/BaseConnection.php(555): CodeIgniter\Database\MySQLi\Connection->connect()
#1 /home/user/Documents/GITHUB1/Regime_vrai/system/Database/BaseConnection.php(795): CodeIgniter\Database\BaseConnection->initialize()
#2 /home/user/Documents/GITHUB1/Regime_vrai/system/Database/BaseBuilder.php(1649): CodeIgniter\Database\BaseConnection->query()
#3 /home/user/Documents/GITHUB1/Regime_vrai/system/Model.php(253): CodeIgniter\Database\BaseBuilder->get()
#4 /home/user/Documents/GITHUB1/Regime_vrai/system/BaseModel.php(676): CodeIgniter\Model->doFindAll()
#5 /home/user/Documents/GITHUB1/Regime_vrai/app/Controllers/RegimeController.php(24): CodeIgniter\BaseModel->findAll()
#6 /home/user/Documents/GITHUB1/Regime_vrai/system/CodeIgniter.php(951): App\Controllers\RegimeController->go_to_regime()
#7 /home/user/Documents/GITHUB1/Regime_vrai/system/CodeIgniter.php(497): CodeIgniter\CodeIgniter->runController()
#8 /home/user/Documents/GITHUB1/Regime_vrai/system/CodeIgniter.php(340): CodeIgniter\CodeIgniter->handleRequest()
#9 /home/user/Documents/GITHUB1/Regime_vrai/system/Boot.php(417): CodeIgniter\CodeIgniter->run()
#10 /home/user/Documents/GITHUB1/Regime_vrai/system/Boot.php(68): CodeIgniter\Boot::runCodeIgniter()
#11 /home/user/Documents/GITHUB1/Regime_vrai/public/index.php(59): CodeIgniter\Boot::bootWeb()
#12 {main}
CRITICAL - 2026-05-08 15:47:44 --> CodeIgniter\Database\Exceptions\DatabaseException: Unable to connect to the database.
Main connection [MySQLi]: Access denied for user '****'@'localhost' (using password: YES)
[Method: GET, Route: Regime/go_to_regime]
in SYSTEMPATH/Database/BaseConnection.php on line 606.
 1 SYSTEMPATH/Database/BaseConnection.php(795): CodeIgniter\Database\BaseConnection->initialize()
 2 SYSTEMPATH/Database/BaseBuilder.php(1649): CodeIgniter\Database\BaseConnection->query()
 3 SYSTEMPATH/Model.php(253): CodeIgniter\Database\BaseBuilder->get()
 4 SYSTEMPATH/BaseModel.php(676): CodeIgniter\Model->doFindAll()
 5 APPPATH/Controllers/RegimeController.php(24): CodeIgniter\BaseModel->findAll()
 6 SYSTEMPATH/CodeIgniter.php(951): App\Controllers\RegimeController->go_to_regime()
 7 SYSTEMPATH/CodeIgniter.php(497): CodeIgniter\CodeIgniter->runController()
 8 SYSTEMPATH/CodeIgniter.php(340): CodeIgniter\CodeIgniter->handleRequest()
 9 SYSTEMPATH/Boot.php(417): CodeIgniter\CodeIgniter->run()
10 SYSTEMPATH/Boot.php(68): CodeIgniter\Boot::runCodeIgniter()
11 FCPATH/index.php(59): CodeIgniter\Boot::bootWeb()
ERROR - 2026-05-08 15:47:45 --> Error connecting to the database: mysqli_sql_exception: Access denied for user 'php'@'localhost' (using password: YES) in /home/user/Documents/GITHUB1/Regime_vrai/system/Database/MySQLi/Connection.php:201
Stack trace:
#0 /home/user/Documents/GITHUB1/Regime_vrai/system/Database/MySQLi/Connection.php(201): mysqli->real_connect()
#1 /home/user/Documents/GITHUB1/Regime_vrai/system/Database/BaseConnection.php(555): CodeIgniter\Database\MySQLi\Connection->connect()
#2 /home/user/Documents/GITHUB1/Regime_vrai/system/Database/BaseConnection.php(795): CodeIgniter\Database\BaseConnection->initialize()
#3 /home/user/Documents/GITHUB1/Regime_vrai/system/Database/BaseBuilder.php(1649): CodeIgniter\Database\BaseConnection->query()
#4 /home/user/Documents/GITHUB1/Regime_vrai/system/Model.php(253): CodeIgniter\Database\BaseBuilder->get()
#5 /home/user/Documents/GITHUB1/Regime_vrai/system/BaseModel.php(676): CodeIgniter\Model->doFindAll()
#6 /home/user/Documents/GITHUB1/Regime_vrai/app/Controllers/RegimeController.php(24): CodeIgniter\BaseModel->findAll()
#7 /home/user/Documents/GITHUB1/Regime_vrai/system/CodeIgniter.php(951): App\Controllers\RegimeController->go_to_regime()
#8 /home/user/Documents/GITHUB1/Regime_vrai/system/CodeIgniter.php(497): CodeIgniter\CodeIgniter->runController()
#9 /home/user/Documents/GITHUB1/Regime_vrai/system/CodeIgniter.php(340): CodeIgniter\CodeIgniter->handleRequest()
#10 /home/user/Documents/GITHUB1/Regime_vrai/system/Boot.php(417): CodeIgniter\CodeIgniter->run()
#11 /home/user/Documents/GITHUB1/Regime_vrai/system/Boot.php(68): CodeIgniter\Boot::runCodeIgniter()
#12 /home/user/Documents/GITHUB1/Regime_vrai/public/index.php(59): CodeIgniter\Boot::bootWeb()
#13 {main}

Next CodeIgniter\Database\Exceptions\DatabaseException: Access denied for user '****'@'localhost' (using password: YES) in /home/user/Documents/GITHUB1/Regime_vrai/system/Database/MySQLi/Connection.php:231
Stack trace:
#0 /home/user/Documents/GITHUB1/Regime_vrai/system/Database/BaseConnection.php(555): CodeIgniter\Database\MySQLi\Connection->connect()
#1 /home/user/Documents/GITHUB1/Regime_vrai/system/Database/BaseConnection.php(795): CodeIgniter\Database\BaseConnection->initialize()
#2 /home/user/Documents/GITHUB1/Regime_vrai/system/Database/BaseBuilder.php(1649): CodeIgniter\Database\BaseConnection->query()
#3 /home/user/Documents/GITHUB1/Regime_vrai/system/Model.php(253): CodeIgniter\Database\BaseBuilder->get()
#4 /home/user/Documents/GITHUB1/Regime_vrai/system/BaseModel.php(676): CodeIgniter\Model->doFindAll()
#5 /home/user/Documents/GITHUB1/Regime_vrai/app/Controllers/RegimeController.php(24): CodeIgniter\BaseModel->findAll()
#6 /home/user/Documents/GITHUB1/Regime_vrai/system/CodeIgniter.php(951): App\Controllers\RegimeController->go_to_regime()
#7 /home/user/Documents/GITHUB1/Regime_vrai/system/CodeIgniter.php(497): CodeIgniter\CodeIgniter->runController()
#8 /home/user/Documents/GITHUB1/Regime_vrai/system/CodeIgniter.php(340): CodeIgniter\CodeIgniter->handleRequest()
#9 /home/user/Documents/GITHUB1/Regime_vrai/system/Boot.php(417): CodeIgniter\CodeIgniter->run()
#10 /home/user/Documents/GITHUB1/Regime_vrai/system/Boot.php(68): CodeIgniter\Boot::runCodeIgniter()
#11 /home/user/Documents/GITHUB1/Regime_vrai/public/index.php(59): CodeIgniter\Boot::bootWeb()
#12 {main}
CRITICAL - 2026-05-08 15:47:45 --> CodeIgniter\Database\Exceptions\DatabaseException: Unable to connect to the database.
Main connection [MySQLi]: Access denied for user '****'@'localhost' (using password: YES)
[Method: GET, Route: Regime/go_to_regime]
in SYSTEMPATH/Database/BaseConnection.php on line 606.
 1 SYSTEMPATH/Database/BaseConnection.php(795): CodeIgniter\Database\BaseConnection->initialize()
 2 SYSTEMPATH/Database/BaseBuilder.php(1649): CodeIgniter\Database\BaseConnection->query()
 3 SYSTEMPATH/Model.php(253): CodeIgniter\Database\BaseBuilder->get()
 4 SYSTEMPATH/BaseModel.php(676): CodeIgniter\Model->doFindAll()
 5 APPPATH/Controllers/RegimeController.php(24): CodeIgniter\BaseModel->findAll()
 6 SYSTEMPATH/CodeIgniter.php(951): App\Controllers\RegimeController->go_to_regime()
 7 SYSTEMPATH/CodeIgniter.php(497): CodeIgniter\CodeIgniter->runController()
 8 SYSTEMPATH/CodeIgniter.php(340): CodeIgniter\CodeIgniter->handleRequest()
 9 SYSTEMPATH/Boot.php(417): CodeIgniter\CodeIgniter->run()
10 SYSTEMPATH/Boot.php(68): CodeIgniter\Boot::runCodeIgniter()
11 FCPATH/index.php(59): CodeIgniter\Boot::bootWeb()
ERROR - 2026-05-08 15:47:45 --> Error connecting to the database: mysqli_sql_exception: Access denied for user 'php'@'localhost' (using password: YES) in /home/user/Documents/GITHUB1/Regime_vrai/system/Database/MySQLi/Connection.php:201
Stack trace:
#0 /home/user/Documents/GITHUB1/Regime_vrai/system/Database/MySQLi/Connection.php(201): mysqli->real_connect()
#1 /home/user/Documents/GITHUB1/Regime_vrai/system/Database/BaseConnection.php(555): CodeIgniter\Database\MySQLi\Connection->connect()
#2 /home/user/Documents/GITHUB1/Regime_vrai/system/Database/BaseConnection.php(795): CodeIgniter\Database\BaseConnection->initialize()
#3 /home/user/Documents/GITHUB1/Regime_vrai/system/Database/BaseBuilder.php(1649): CodeIgniter\Database\BaseConnection->query()
#4 /home/user/Documents/GITHUB1/Regime_vrai/system/Model.php(253): CodeIgniter\Database\BaseBuilder->get()
#5 /home/user/Documents/GITHUB1/Regime_vrai/system/BaseModel.php(676): CodeIgniter\Model->doFindAll()
#6 /home/user/Documents/GITHUB1/Regime_vrai/app/Controllers/RegimeController.php(24): CodeIgniter\BaseModel->findAll()
#7 /home/user/Documents/GITHUB1/Regime_vrai/system/CodeIgniter.php(951): App\Controllers\RegimeController->go_to_regime()
#8 /home/user/Documents/GITHUB1/Regime_vrai/system/CodeIgniter.php(497): CodeIgniter\CodeIgniter->runController()
#9 /home/user/Documents/GITHUB1/Regime_vrai/system/CodeIgniter.php(340): CodeIgniter\CodeIgniter->handleRequest()
#10 /home/user/Documents/GITHUB1/Regime_vrai/system/Boot.php(417): CodeIgniter\CodeIgniter->run()
#11 /home/user/Documents/GITHUB1/Regime_vrai/system/Boot.php(68): CodeIgniter\Boot::runCodeIgniter()
#12 /home/user/Documents/GITHUB1/Regime_vrai/public/index.php(59): CodeIgniter\Boot::bootWeb()
#13 {main}

Next CodeIgniter\Database\Exceptions\DatabaseException: Access denied for user '****'@'localhost' (using password: YES) in /home/user/Documents/GITHUB1/Regime_vrai/system/Database/MySQLi/Connection.php:231
Stack trace:
#0 /home/user/Documents/GITHUB1/Regime_vrai/system/Database/BaseConnection.php(555): CodeIgniter\Database\MySQLi\Connection->connect()
#1 /home/user/Documents/GITHUB1/Regime_vrai/system/Database/BaseConnection.php(795): CodeIgniter\Database\BaseConnection->initialize()
#2 /home/user/Documents/GITHUB1/Regime_vrai/system/Database/BaseBuilder.php(1649): CodeIgniter\Database\BaseConnection->query()
#3 /home/user/Documents/GITHUB1/Regime_vrai/system/Model.php(253): CodeIgniter\Database\BaseBuilder->get()
#4 /home/user/Documents/GITHUB1/Regime_vrai/system/BaseModel.php(676): CodeIgniter\Model->doFindAll()
#5 /home/user/Documents/GITHUB1/Regime_vrai/app/Controllers/RegimeController.php(24): CodeIgniter\BaseModel->findAll()
#6 /home/user/Documents/GITHUB1/Regime_vrai/system/CodeIgniter.php(951): App\Controllers\RegimeController->go_to_regime()
#7 /home/user/Documents/GITHUB1/Regime_vrai/system/CodeIgniter.php(497): CodeIgniter\CodeIgniter->runController()
#8 /home/user/Documents/GITHUB1/Regime_vrai/system/CodeIgniter.php(340): CodeIgniter\CodeIgniter->handleRequest()
#9 /home/user/Documents/GITHUB1/Regime_vrai/system/Boot.php(417): CodeIgniter\CodeIgniter->run()
#10 /home/user/Documents/GITHUB1/Regime_vrai/system/Boot.php(68): CodeIgniter\Boot::runCodeIgniter()
#11 /home/user/Documents/GITHUB1/Regime_vrai/public/index.php(59): CodeIgniter\Boot::bootWeb()
#12 {main}
CRITICAL - 2026-05-08 15:47:45 --> CodeIgniter\Database\Exceptions\DatabaseException: Unable to connect to the database.
Main connection [MySQLi]: Access denied for user '****'@'localhost' (using password: YES)
[Method: GET, Route: Regime/go_to_regime]
in SYSTEMPATH/Database/BaseConnection.php on line 606.
 1 SYSTEMPATH/Database/BaseConnection.php(795): CodeIgniter\Database\BaseConnection->initialize()
 2 SYSTEMPATH/Database/BaseBuilder.php(1649): CodeIgniter\Database\BaseConnection->query()
 3 SYSTEMPATH/Model.php(253): CodeIgniter\Database\BaseBuilder->get()
 4 SYSTEMPATH/BaseModel.php(676): CodeIgniter\Model->doFindAll()
 5 APPPATH/Controllers/RegimeController.php(24): CodeIgniter\BaseModel->findAll()
 6 SYSTEMPATH/CodeIgniter.php(951): App\Controllers\RegimeController->go_to_regime()
 7 SYSTEMPATH/CodeIgniter.php(497): CodeIgniter\CodeIgniter->runController()
 8 SYSTEMPATH/CodeIgniter.php(340): CodeIgniter\CodeIgniter->handleRequest()
 9 SYSTEMPATH/Boot.php(417): CodeIgniter\CodeIgniter->run()
10 SYSTEMPATH/Boot.php(68): CodeIgniter\Boot::runCodeIgniter()
11 FCPATH/index.php(59): CodeIgniter\Boot::bootWeb()
ERROR - 2026-05-08 15:48:39 --> Error connecting to the database: mysqli_sql_exception: Access denied for user 'php'@'localhost' (using password: YES) in /home/user/Documents/GITHUB1/Regime_vrai/system/Database/MySQLi/Connection.php:201
Stack trace:
#0 /home/user/Documents/GITHUB1/Regime_vrai/system/Database/MySQLi/Connection.php(201): mysqli->real_connect()
#1 /home/user/Documents/GITHUB1/Regime_vrai/system/Database/BaseConnection.php(555): CodeIgniter\Database\MySQLi\Connection->connect()
#2 /home/user/Documents/GITHUB1/Regime_vrai/system/Database/BaseConnection.php(795): CodeIgniter\Database\BaseConnection->initialize()
#3 /home/user/Documents/GITHUB1/Regime_vrai/system/Database/BaseBuilder.php(1649): CodeIgniter\Database\BaseConnection->query()
#4 /home/user/Documents/GITHUB1/Regime_vrai/system/Model.php(253): CodeIgniter\Database\BaseBuilder->get()
#5 /home/user/Documents/GITHUB1/Regime_vrai/system/BaseModel.php(676): CodeIgniter\Model->doFindAll()
#6 /home/user/Documents/GITHUB1/Regime_vrai/app/Controllers/RegimeController.php(24): CodeIgniter\BaseModel->findAll()
#7 /home/user/Documents/GITHUB1/Regime_vrai/system/CodeIgniter.php(951): App\Controllers\RegimeController->go_to_regime()
#8 /home/user/Documents/GITHUB1/Regime_vrai/system/CodeIgniter.php(497): CodeIgniter\CodeIgniter->runController()
#9 /home/user/Documents/GITHUB1/Regime_vrai/system/CodeIgniter.php(340): CodeIgniter\CodeIgniter->handleRequest()
#10 /home/user/Documents/GITHUB1/Regime_vrai/system/Boot.php(417): CodeIgniter\CodeIgniter->run()
#11 /home/user/Documents/GITHUB1/Regime_vrai/system/Boot.php(68): CodeIgniter\Boot::runCodeIgniter()
#12 /home/user/Documents/GITHUB1/Regime_vrai/public/index.php(59): CodeIgniter\Boot::bootWeb()
#13 {main}

Next CodeIgniter\Database\Exceptions\DatabaseException: Access denied for user '****'@'localhost' (using password: YES) in /home/user/Documents/GITHUB1/Regime_vrai/system/Database/MySQLi/Connection.php:231
Stack trace:
#0 /home/user/Documents/GITHUB1/Regime_vrai/system/Database/BaseConnection.php(555): CodeIgniter\Database\MySQLi\Connection->connect()
#1 /home/user/Documents/GITHUB1/Regime_vrai/system/Database/BaseConnection.php(795): CodeIgniter\Database\BaseConnection->initialize()
#2 /home/user/Documents/GITHUB1/Regime_vrai/system/Database/BaseBuilder.php(1649): CodeIgniter\Database\BaseConnection->query()
#3 /home/user/Documents/GITHUB1/Regime_vrai/system/Model.php(253): CodeIgniter\Database\BaseBuilder->get()
#4 /home/user/Documents/GITHUB1/Regime_vrai/system/BaseModel.php(676): CodeIgniter\Model->doFindAll()
#5 /home/user/Documents/GITHUB1/Regime_vrai/app/Controllers/RegimeController.php(24): CodeIgniter\BaseModel->findAll()
#6 /home/user/Documents/GITHUB1/Regime_vrai/system/CodeIgniter.php(951): App\Controllers\RegimeController->go_to_regime()
#7 /home/user/Documents/GITHUB1/Regime_vrai/system/CodeIgniter.php(497): CodeIgniter\CodeIgniter->runController()
#8 /home/user/Documents/GITHUB1/Regime_vrai/system/CodeIgniter.php(340): CodeIgniter\CodeIgniter->handleRequest()
#9 /home/user/Documents/GITHUB1/Regime_vrai/system/Boot.php(417): CodeIgniter\CodeIgniter->run()
#10 /home/user/Documents/GITHUB1/Regime_vrai/system/Boot.php(68): CodeIgniter\Boot::runCodeIgniter()
#11 /home/user/Documents/GITHUB1/Regime_vrai/public/index.php(59): CodeIgniter\Boot::bootWeb()
#12 {main}
CRITICAL - 2026-05-08 15:48:39 --> CodeIgniter\Database\Exceptions\DatabaseException: Unable to connect to the database.
Main connection [MySQLi]: Access denied for user '****'@'localhost' (using password: YES)
[Method: GET, Route: Regime/go_to_regime]
in SYSTEMPATH/Database/BaseConnection.php on line 606.
 1 SYSTEMPATH/Database/BaseConnection.php(795): CodeIgniter\Database\BaseConnection->initialize()
 2 SYSTEMPATH/Database/BaseBuilder.php(1649): CodeIgniter\Database\BaseConnection->query()
 3 SYSTEMPATH/Model.php(253): CodeIgniter\Database\BaseBuilder->get()
 4 SYSTEMPATH/BaseModel.php(676): CodeIgniter\Model->doFindAll()
 5 APPPATH/Controllers/RegimeController.php(24): CodeIgniter\BaseModel->findAll()
 6 SYSTEMPATH/CodeIgniter.php(951): App\Controllers\RegimeController->go_to_regime()
 7 SYSTEMPATH/CodeIgniter.php(497): CodeIgniter\CodeIgniter->runController()
 8 SYSTEMPATH/CodeIgniter.php(340): CodeIgniter\CodeIgniter->handleRequest()
 9 SYSTEMPATH/Boot.php(417): CodeIgniter\CodeIgniter->run()
10 SYSTEMPATH/Boot.php(68): CodeIgniter\Boot::runCodeIgniter()
11 FCPATH/index.php(59): CodeIgniter\Boot::bootWeb()
ERROR - 2026-05-08 15:48:40 --> Error connecting to the database: mysqli_sql_exception: Access denied for user 'php'@'localhost' (using password: YES) in /home/user/Documents/GITHUB1/Regime_vrai/system/Database/MySQLi/Connection.php:201
Stack trace:
#0 /home/user/Documents/GITHUB1/Regime_vrai/system/Database/MySQLi/Connection.php(201): mysqli->real_connect()
#1 /home/user/Documents/GITHUB1/Regime_vrai/system/Database/BaseConnection.php(555): CodeIgniter\Database\MySQLi\Connection->connect()
#2 /home/user/Documents/GITHUB1/Regime_vrai/system/Database/BaseConnection.php(795): CodeIgniter\Database\BaseConnection->initialize()
#3 /home/user/Documents/GITHUB1/Regime_vrai/system/Database/BaseBuilder.php(1649): CodeIgniter\Database\BaseConnection->query()
#4 /home/user/Documents/GITHUB1/Regime_vrai/system/Model.php(253): CodeIgniter\Database\BaseBuilder->get()
#5 /home/user/Documents/GITHUB1/Regime_vrai/system/BaseModel.php(676): CodeIgniter\Model->doFindAll()
#6 /home/user/Documents/GITHUB1/Regime_vrai/app/Controllers/RegimeController.php(24): CodeIgniter\BaseModel->findAll()
#7 /home/user/Documents/GITHUB1/Regime_vrai/system/CodeIgniter.php(951): App\Controllers\RegimeController->go_to_regime()
#8 /home/user/Documents/GITHUB1/Regime_vrai/system/CodeIgniter.php(497): CodeIgniter\CodeIgniter->runController()
#9 /home/user/Documents/GITHUB1/Regime_vrai/system/CodeIgniter.php(340): CodeIgniter\CodeIgniter->handleRequest()
#10 /home/user/Documents/GITHUB1/Regime_vrai/system/Boot.php(417): CodeIgniter\CodeIgniter->run()
#11 /home/user/Documents/GITHUB1/Regime_vrai/system/Boot.php(68): CodeIgniter\Boot::runCodeIgniter()
#12 /home/user/Documents/GITHUB1/Regime_vrai/public/index.php(59): CodeIgniter\Boot::bootWeb()
#13 {main}

Next CodeIgniter\Database\Exceptions\DatabaseException: Access denied for user '****'@'localhost' (using password: YES) in /home/user/Documents/GITHUB1/Regime_vrai/system/Database/MySQLi/Connection.php:231
Stack trace:
#0 /home/user/Documents/GITHUB1/Regime_vrai/system/Database/BaseConnection.php(555): CodeIgniter\Database\MySQLi\Connection->connect()
#1 /home/user/Documents/GITHUB1/Regime_vrai/system/Database/BaseConnection.php(795): CodeIgniter\Database\BaseConnection->initialize()
#2 /home/user/Documents/GITHUB1/Regime_vrai/system/Database/BaseBuilder.php(1649): CodeIgniter\Database\BaseConnection->query()
#3 /home/user/Documents/GITHUB1/Regime_vrai/system/Model.php(253): CodeIgniter\Database\BaseBuilder->get()
#4 /home/user/Documents/GITHUB1/Regime_vrai/system/BaseModel.php(676): CodeIgniter\Model->doFindAll()
#5 /home/user/Documents/GITHUB1/Regime_vrai/app/Controllers/RegimeController.php(24): CodeIgniter\BaseModel->findAll()
#6 /home/user/Documents/GITHUB1/Regime_vrai/system/CodeIgniter.php(951): App\Controllers\RegimeController->go_to_regime()
#7 /home/user/Documents/GITHUB1/Regime_vrai/system/CodeIgniter.php(497): CodeIgniter\CodeIgniter->runController()
#8 /home/user/Documents/GITHUB1/Regime_vrai/system/CodeIgniter.php(340): CodeIgniter\CodeIgniter->handleRequest()
#9 /home/user/Documents/GITHUB1/Regime_vrai/system/Boot.php(417): CodeIgniter\CodeIgniter->run()
#10 /home/user/Documents/GITHUB1/Regime_vrai/system/Boot.php(68): CodeIgniter\Boot::runCodeIgniter()
#11 /home/user/Documents/GITHUB1/Regime_vrai/public/index.php(59): CodeIgniter\Boot::bootWeb()
#12 {main}
CRITICAL - 2026-05-08 15:48:40 --> CodeIgniter\Database\Exceptions\DatabaseException: Unable to connect to the database.
Main connection [MySQLi]: Access denied for user '****'@'localhost' (using password: YES)
[Method: GET, Route: Regime/go_to_regime]
in SYSTEMPATH/Database/BaseConnection.php on line 606.
 1 SYSTEMPATH/Database/BaseConnection.php(795): CodeIgniter\Database\BaseConnection->initialize()
 2 SYSTEMPATH/Database/BaseBuilder.php(1649): CodeIgniter\Database\BaseConnection->query()
 3 SYSTEMPATH/Model.php(253): CodeIgniter\Database\BaseBuilder->get()
 4 SYSTEMPATH/BaseModel.php(676): CodeIgniter\Model->doFindAll()
 5 APPPATH/Controllers/RegimeController.php(24): CodeIgniter\BaseModel->findAll()
 6 SYSTEMPATH/CodeIgniter.php(951): App\Controllers\RegimeController->go_to_regime()
 7 SYSTEMPATH/CodeIgniter.php(497): CodeIgniter\CodeIgniter->runController()
 8 SYSTEMPATH/CodeIgniter.php(340): CodeIgniter\CodeIgniter->handleRequest()
 9 SYSTEMPATH/Boot.php(417): CodeIgniter\CodeIgniter->run()
10 SYSTEMPATH/Boot.php(68): CodeIgniter\Boot::runCodeIgniter()
11 FCPATH/index.php(59): CodeIgniter\Boot::bootWeb()
ERROR - 2026-05-08 15:48:40 --> Error connecting to the database: mysqli_sql_exception: Access denied for user 'php'@'localhost' (using password: YES) in /home/user/Documents/GITHUB1/Regime_vrai/system/Database/MySQLi/Connection.php:201
Stack trace:
#0 /home/user/Documents/GITHUB1/Regime_vrai/system/Database/MySQLi/Connection.php(201): mysqli->real_connect()
#1 /home/user/Documents/GITHUB1/Regime_vrai/system/Database/BaseConnection.php(555): CodeIgniter\Database\MySQLi\Connection->connect()
#2 /home/user/Documents/GITHUB1/Regime_vrai/system/Database/BaseConnection.php(795): CodeIgniter\Database\BaseConnection->initialize()
#3 /home/user/Documents/GITHUB1/Regime_vrai/system/Database/BaseBuilder.php(1649): CodeIgniter\Database\BaseConnection->query()
#4 /home/user/Documents/GITHUB1/Regime_vrai/system/Model.php(253): CodeIgniter\Database\BaseBuilder->get()
#5 /home/user/Documents/GITHUB1/Regime_vrai/system/BaseModel.php(676): CodeIgniter\Model->doFindAll()
#6 /home/user/Documents/GITHUB1/Regime_vrai/app/Controllers/RegimeController.php(24): CodeIgniter\BaseModel->findAll()
#7 /home/user/Documents/GITHUB1/Regime_vrai/system/CodeIgniter.php(951): App\Controllers\RegimeController->go_to_regime()
#8 /home/user/Documents/GITHUB1/Regime_vrai/system/CodeIgniter.php(497): CodeIgniter\CodeIgniter->runController()
#9 /home/user/Documents/GITHUB1/Regime_vrai/system/CodeIgniter.php(340): CodeIgniter\CodeIgniter->handleRequest()
#10 /home/user/Documents/GITHUB1/Regime_vrai/system/Boot.php(417): CodeIgniter\CodeIgniter->run()
#11 /home/user/Documents/GITHUB1/Regime_vrai/system/Boot.php(68): CodeIgniter\Boot::runCodeIgniter()
#12 /home/user/Documents/GITHUB1/Regime_vrai/public/index.php(59): CodeIgniter\Boot::bootWeb()
#13 {main}

Next CodeIgniter\Database\Exceptions\DatabaseException: Access denied for user '****'@'localhost' (using password: YES) in /home/user/Documents/GITHUB1/Regime_vrai/system/Database/MySQLi/Connection.php:231
Stack trace:
#0 /home/user/Documents/GITHUB1/Regime_vrai/system/Database/BaseConnection.php(555): CodeIgniter\Database\MySQLi\Connection->connect()
#1 /home/user/Documents/GITHUB1/Regime_vrai/system/Database/BaseConnection.php(795): CodeIgniter\Database\BaseConnection->initialize()
#2 /home/user/Documents/GITHUB1/Regime_vrai/system/Database/BaseBuilder.php(1649): CodeIgniter\Database\BaseConnection->query()
#3 /home/user/Documents/GITHUB1/Regime_vrai/system/Model.php(253): CodeIgniter\Database\BaseBuilder->get()
#4 /home/user/Documents/GITHUB1/Regime_vrai/system/BaseModel.php(676): CodeIgniter\Model->doFindAll()
#5 /home/user/Documents/GITHUB1/Regime_vrai/app/Controllers/RegimeController.php(24): CodeIgniter\BaseModel->findAll()
#6 /home/user/Documents/GITHUB1/Regime_vrai/system/CodeIgniter.php(951): App\Controllers\RegimeController->go_to_regime()
#7 /home/user/Documents/GITHUB1/Regime_vrai/system/CodeIgniter.php(497): CodeIgniter\CodeIgniter->runController()
#8 /home/user/Documents/GITHUB1/Regime_vrai/system/CodeIgniter.php(340): CodeIgniter\CodeIgniter->handleRequest()
#9 /home/user/Documents/GITHUB1/Regime_vrai/system/Boot.php(417): CodeIgniter\CodeIgniter->run()
#10 /home/user/Documents/GITHUB1/Regime_vrai/system/Boot.php(68): CodeIgniter\Boot::runCodeIgniter()
#11 /home/user/Documents/GITHUB1/Regime_vrai/public/index.php(59): CodeIgniter\Boot::bootWeb()
#12 {main}
CRITICAL - 2026-05-08 15:48:40 --> CodeIgniter\Database\Exceptions\DatabaseException: Unable to connect to the database.
Main connection [MySQLi]: Access denied for user '****'@'localhost' (using password: YES)
[Method: GET, Route: Regime/go_to_regime]
in SYSTEMPATH/Database/BaseConnection.php on line 606.
 1 SYSTEMPATH/Database/BaseConnection.php(795): CodeIgniter\Database\BaseConnection->initialize()
 2 SYSTEMPATH/Database/BaseBuilder.php(1649): CodeIgniter\Database\BaseConnection->query()
 3 SYSTEMPATH/Model.php(253): CodeIgniter\Database\BaseBuilder->get()
 4 SYSTEMPATH/BaseModel.php(676): CodeIgniter\Model->doFindAll()
 5 APPPATH/Controllers/RegimeController.php(24): CodeIgniter\BaseModel->findAll()
 6 SYSTEMPATH/CodeIgniter.php(951): App\Controllers\RegimeController->go_to_regime()
 7 SYSTEMPATH/CodeIgniter.php(497): CodeIgniter\CodeIgniter->runController()
 8 SYSTEMPATH/CodeIgniter.php(340): CodeIgniter\CodeIgniter->handleRequest()
 9 SYSTEMPATH/Boot.php(417): CodeIgniter\CodeIgniter->run()
10 SYSTEMPATH/Boot.php(68): CodeIgniter\Boot::runCodeIgniter()
11 FCPATH/index.php(59): CodeIgniter\Boot::bootWeb()
ERROR - 2026-05-08 15:48:40 --> Error connecting to the database: mysqli_sql_exception: Access denied for user 'php'@'localhost' (using password: YES) in /home/user/Documents/GITHUB1/Regime_vrai/system/Database/MySQLi/Connection.php:201
Stack trace:
#0 /home/user/Documents/GITHUB1/Regime_vrai/system/Database/MySQLi/Connection.php(201): mysqli->real_connect()
#1 /home/user/Documents/GITHUB1/Regime_vrai/system/Database/BaseConnection.php(555): CodeIgniter\Database\MySQLi\Connection->connect()
#2 /home/user/Documents/GITHUB1/Regime_vrai/system/Database/BaseConnection.php(795): CodeIgniter\Database\BaseConnection->initialize()
#3 /home/user/Documents/GITHUB1/Regime_vrai/system/Database/BaseBuilder.php(1649): CodeIgniter\Database\BaseConnection->query()
#4 /home/user/Documents/GITHUB1/Regime_vrai/system/Model.php(253): CodeIgniter\Database\BaseBuilder->get()
#5 /home/user/Documents/GITHUB1/Regime_vrai/system/BaseModel.php(676): CodeIgniter\Model->doFindAll()
#6 /home/user/Documents/GITHUB1/Regime_vrai/app/Controllers/RegimeController.php(24): CodeIgniter\BaseModel->findAll()
#7 /home/user/Documents/GITHUB1/Regime_vrai/system/CodeIgniter.php(951): App\Controllers\RegimeController->go_to_regime()
#8 /home/user/Documents/GITHUB1/Regime_vrai/system/CodeIgniter.php(497): CodeIgniter\CodeIgniter->runController()
#9 /home/user/Documents/GITHUB1/Regime_vrai/system/CodeIgniter.php(340): CodeIgniter\CodeIgniter->handleRequest()
#10 /home/user/Documents/GITHUB1/Regime_vrai/system/Boot.php(417): CodeIgniter\CodeIgniter->run()
#11 /home/user/Documents/GITHUB1/Regime_vrai/system/Boot.php(68): CodeIgniter\Boot::runCodeIgniter()
#12 /home/user/Documents/GITHUB1/Regime_vrai/public/index.php(59): CodeIgniter\Boot::bootWeb()
#13 {main}

Next CodeIgniter\Database\Exceptions\DatabaseException: Access denied for user '****'@'localhost' (using password: YES) in /home/user/Documents/GITHUB1/Regime_vrai/system/Database/MySQLi/Connection.php:231
Stack trace:
#0 /home/user/Documents/GITHUB1/Regime_vrai/system/Database/BaseConnection.php(555): CodeIgniter\Database\MySQLi\Connection->connect()
#1 /home/user/Documents/GITHUB1/Regime_vrai/system/Database/BaseConnection.php(795): CodeIgniter\Database\BaseConnection->initialize()
#2 /home/user/Documents/GITHUB1/Regime_vrai/system/Database/BaseBuilder.php(1649): CodeIgniter\Database\BaseConnection->query()
#3 /home/user/Documents/GITHUB1/Regime_vrai/system/Model.php(253): CodeIgniter\Database\BaseBuilder->get()
#4 /home/user/Documents/GITHUB1/Regime_vrai/system/BaseModel.php(676): CodeIgniter\Model->doFindAll()
#5 /home/user/Documents/GITHUB1/Regime_vrai/app/Controllers/RegimeController.php(24): CodeIgniter\BaseModel->findAll()
#6 /home/user/Documents/GITHUB1/Regime_vrai/system/CodeIgniter.php(951): App\Controllers\RegimeController->go_to_regime()
#7 /home/user/Documents/GITHUB1/Regime_vrai/system/CodeIgniter.php(497): CodeIgniter\CodeIgniter->runController()
#8 /home/user/Documents/GITHUB1/Regime_vrai/system/CodeIgniter.php(340): CodeIgniter\CodeIgniter->handleRequest()
#9 /home/user/Documents/GITHUB1/Regime_vrai/system/Boot.php(417): CodeIgniter\CodeIgniter->run()
#10 /home/user/Documents/GITHUB1/Regime_vrai/system/Boot.php(68): CodeIgniter\Boot::runCodeIgniter()
#11 /home/user/Documents/GITHUB1/Regime_vrai/public/index.php(59): CodeIgniter\Boot::bootWeb()
#12 {main}
CRITICAL - 2026-05-08 15:48:40 --> CodeIgniter\Database\Exceptions\DatabaseException: Unable to connect to the database.
Main connection [MySQLi]: Access denied for user '****'@'localhost' (using password: YES)
[Method: GET, Route: Regime/go_to_regime]
in SYSTEMPATH/Database/BaseConnection.php on line 606.
 1 SYSTEMPATH/Database/BaseConnection.php(795): CodeIgniter\Database\BaseConnection->initialize()
 2 SYSTEMPATH/Database/BaseBuilder.php(1649): CodeIgniter\Database\BaseConnection->query()
 3 SYSTEMPATH/Model.php(253): CodeIgniter\Database\BaseBuilder->get()
 4 SYSTEMPATH/BaseModel.php(676): CodeIgniter\Model->doFindAll()
 5 APPPATH/Controllers/RegimeController.php(24): CodeIgniter\BaseModel->findAll()
 6 SYSTEMPATH/CodeIgniter.php(951): App\Controllers\RegimeController->go_to_regime()
 7 SYSTEMPATH/CodeIgniter.php(497): CodeIgniter\CodeIgniter->runController()
 8 SYSTEMPATH/CodeIgniter.php(340): CodeIgniter\CodeIgniter->handleRequest()
 9 SYSTEMPATH/Boot.php(417): CodeIgniter\CodeIgniter->run()
10 SYSTEMPATH/Boot.php(68): CodeIgniter\Boot::runCodeIgniter()
11 FCPATH/index.php(59): CodeIgniter\Boot::bootWeb()
ERROR - 2026-05-08 15:49:38 --> Error connecting to the database: mysqli_sql_exception: No such file or directory in /home/user/Documents/GITHUB1/Regime_vrai/system/Database/MySQLi/Connection.php:201
Stack trace:
#0 /home/user/Documents/GITHUB1/Regime_vrai/system/Database/MySQLi/Connection.php(201): mysqli->real_connect()
#1 /home/user/Documents/GITHUB1/Regime_vrai/system/Database/BaseConnection.php(555): CodeIgniter\Database\MySQLi\Connection->connect()
#2 /home/user/Documents/GITHUB1/Regime_vrai/system/Database/BaseConnection.php(795): CodeIgniter\Database\BaseConnection->initialize()
#3 /home/user/Documents/GITHUB1/Regime_vrai/system/Database/BaseBuilder.php(1649): CodeIgniter\Database\BaseConnection->query()
#4 /home/user/Documents/GITHUB1/Regime_vrai/system/Model.php(253): CodeIgniter\Database\BaseBuilder->get()
#5 /home/user/Documents/GITHUB1/Regime_vrai/system/BaseModel.php(676): CodeIgniter\Model->doFindAll()
#6 /home/user/Documents/GITHUB1/Regime_vrai/app/Controllers/RegimeController.php(24): CodeIgniter\BaseModel->findAll()
#7 /home/user/Documents/GITHUB1/Regime_vrai/system/CodeIgniter.php(951): App\Controllers\RegimeController->go_to_regime()
#8 /home/user/Documents/GITHUB1/Regime_vrai/system/CodeIgniter.php(497): CodeIgniter\CodeIgniter->runController()
#9 /home/user/Documents/GITHUB1/Regime_vrai/system/CodeIgniter.php(340): CodeIgniter\CodeIgniter->handleRequest()
#10 /home/user/Documents/GITHUB1/Regime_vrai/system/Boot.php(417): CodeIgniter\CodeIgniter->run()
#11 /home/user/Documents/GITHUB1/Regime_vrai/system/Boot.php(68): CodeIgniter\Boot::runCodeIgniter()
#12 /home/user/Documents/GITHUB1/Regime_vrai/public/index.php(59): CodeIgniter\Boot::bootWeb()
#13 {main}

Next CodeIgniter\Database\Exceptions\DatabaseException: No such file or directory in /home/user/Documents/GITHUB1/Regime_vrai/system/Database/MySQLi/Connection.php:231
Stack trace:
#0 /home/user/Documents/GITHUB1/Regime_vrai/system/Database/BaseConnection.php(555): CodeIgniter\Database\MySQLi\Connection->connect()
#1 /home/user/Documents/GITHUB1/Regime_vrai/system/Database/BaseConnection.php(795): CodeIgniter\Database\BaseConnection->initialize()
#2 /home/user/Documents/GITHUB1/Regime_vrai/system/Database/BaseBuilder.php(1649): CodeIgniter\Database\BaseConnection->query()
#3 /home/user/Documents/GITHUB1/Regime_vrai/system/Model.php(253): CodeIgniter\Database\BaseBuilder->get()
#4 /home/user/Documents/GITHUB1/Regime_vrai/system/BaseModel.php(676): CodeIgniter\Model->doFindAll()
#5 /home/user/Documents/GITHUB1/Regime_vrai/app/Controllers/RegimeController.php(24): CodeIgniter\BaseModel->findAll()
#6 /home/user/Documents/GITHUB1/Regime_vrai/system/CodeIgniter.php(951): App\Controllers\RegimeController->go_to_regime()
#7 /home/user/Documents/GITHUB1/Regime_vrai/system/CodeIgniter.php(497): CodeIgniter\CodeIgniter->runController()
#8 /home/user/Documents/GITHUB1/Regime_vrai/system/CodeIgniter.php(340): CodeIgniter\CodeIgniter->handleRequest()
#9 /home/user/Documents/GITHUB1/Regime_vrai/system/Boot.php(417): CodeIgniter\CodeIgniter->run()
#10 /home/user/Documents/GITHUB1/Regime_vrai/system/Boot.php(68): CodeIgniter\Boot::runCodeIgniter()
#11 /home/user/Documents/GITHUB1/Regime_vrai/public/index.php(59): CodeIgniter\Boot::bootWeb()
#12 {main}
CRITICAL - 2026-05-08 15:49:38 --> CodeIgniter\Database\Exceptions\DatabaseException: Unable to connect to the database.
Main connection [MySQLi]: No such file or directory
[Method: GET, Route: Regime/go_to_regime]
in SYSTEMPATH/Database/BaseConnection.php on line 606.
 1 SYSTEMPATH/Database/BaseConnection.php(795): CodeIgniter\Database\BaseConnection->initialize()
 2 SYSTEMPATH/Database/BaseBuilder.php(1649): CodeIgniter\Database\BaseConnection->query()
 3 SYSTEMPATH/Model.php(253): CodeIgniter\Database\BaseBuilder->get()
 4 SYSTEMPATH/BaseModel.php(676): CodeIgniter\Model->doFindAll()
 5 APPPATH/Controllers/RegimeController.php(24): CodeIgniter\BaseModel->findAll()
 6 SYSTEMPATH/CodeIgniter.php(951): App\Controllers\RegimeController->go_to_regime()
 7 SYSTEMPATH/CodeIgniter.php(497): CodeIgniter\CodeIgniter->runController()
 8 SYSTEMPATH/CodeIgniter.php(340): CodeIgniter\CodeIgniter->handleRequest()
 9 SYSTEMPATH/Boot.php(417): CodeIgniter\CodeIgniter->run()
10 SYSTEMPATH/Boot.php(68): CodeIgniter\Boot::runCodeIgniter()
11 FCPATH/index.php(59): CodeIgniter\Boot::bootWeb()
ERROR - 2026-05-08 15:49:38 --> Error connecting to the database: mysqli_sql_exception: No such file or directory in /home/user/Documents/GITHUB1/Regime_vrai/system/Database/MySQLi/Connection.php:201
Stack trace:
#0 /home/user/Documents/GITHUB1/Regime_vrai/system/Database/MySQLi/Connection.php(201): mysqli->real_connect()
#1 /home/user/Documents/GITHUB1/Regime_vrai/system/Database/BaseConnection.php(555): CodeIgniter\Database\MySQLi\Connection->connect()
#2 /home/user/Documents/GITHUB1/Regime_vrai/system/Database/BaseConnection.php(795): CodeIgniter\Database\BaseConnection->initialize()
#3 /home/user/Documents/GITHUB1/Regime_vrai/system/Database/BaseBuilder.php(1649): CodeIgniter\Database\BaseConnection->query()
#4 /home/user/Documents/GITHUB1/Regime_vrai/system/Model.php(253): CodeIgniter\Database\BaseBuilder->get()
#5 /home/user/Documents/GITHUB1/Regime_vrai/system/BaseModel.php(676): CodeIgniter\Model->doFindAll()
#6 /home/user/Documents/GITHUB1/Regime_vrai/app/Controllers/RegimeController.php(24): CodeIgniter\BaseModel->findAll()
#7 /home/user/Documents/GITHUB1/Regime_vrai/system/CodeIgniter.php(951): App\Controllers\RegimeController->go_to_regime()
#8 /home/user/Documents/GITHUB1/Regime_vrai/system/CodeIgniter.php(497): CodeIgniter\CodeIgniter->runController()
#9 /home/user/Documents/GITHUB1/Regime_vrai/system/CodeIgniter.php(340): CodeIgniter\CodeIgniter->handleRequest()
#10 /home/user/Documents/GITHUB1/Regime_vrai/system/Boot.php(417): CodeIgniter\CodeIgniter->run()
#11 /home/user/Documents/GITHUB1/Regime_vrai/system/Boot.php(68): CodeIgniter\Boot::runCodeIgniter()
#12 /home/user/Documents/GITHUB1/Regime_vrai/public/index.php(59): CodeIgniter\Boot::bootWeb()
#13 {main}

Next CodeIgniter\Database\Exceptions\DatabaseException: No such file or directory in /home/user/Documents/GITHUB1/Regime_vrai/system/Database/MySQLi/Connection.php:231
Stack trace:
#0 /home/user/Documents/GITHUB1/Regime_vrai/system/Database/BaseConnection.php(555): CodeIgniter\Database\MySQLi\Connection->connect()
#1 /home/user/Documents/GITHUB1/Regime_vrai/system/Database/BaseConnection.php(795): CodeIgniter\Database\BaseConnection->initialize()
#2 /home/user/Documents/GITHUB1/Regime_vrai/system/Database/BaseBuilder.php(1649): CodeIgniter\Database\BaseConnection->query()
#3 /home/user/Documents/GITHUB1/Regime_vrai/system/Model.php(253): CodeIgniter\Database\BaseBuilder->get()
#4 /home/user/Documents/GITHUB1/Regime_vrai/system/BaseModel.php(676): CodeIgniter\Model->doFindAll()
#5 /home/user/Documents/GITHUB1/Regime_vrai/app/Controllers/RegimeController.php(24): CodeIgniter\BaseModel->findAll()
#6 /home/user/Documents/GITHUB1/Regime_vrai/system/CodeIgniter.php(951): App\Controllers\RegimeController->go_to_regime()
#7 /home/user/Documents/GITHUB1/Regime_vrai/system/CodeIgniter.php(497): CodeIgniter\CodeIgniter->runController()
#8 /home/user/Documents/GITHUB1/Regime_vrai/system/CodeIgniter.php(340): CodeIgniter\CodeIgniter->handleRequest()
#9 /home/user/Documents/GITHUB1/Regime_vrai/system/Boot.php(417): CodeIgniter\CodeIgniter->run()
#10 /home/user/Documents/GITHUB1/Regime_vrai/system/Boot.php(68): CodeIgniter\Boot::runCodeIgniter()
#11 /home/user/Documents/GITHUB1/Regime_vrai/public/index.php(59): CodeIgniter\Boot::bootWeb()
#12 {main}
CRITICAL - 2026-05-08 15:49:38 --> CodeIgniter\Database\Exceptions\DatabaseException: Unable to connect to the database.
Main connection [MySQLi]: No such file or directory
[Method: GET, Route: Regime/go_to_regime]
in SYSTEMPATH/Database/BaseConnection.php on line 606.
 1 SYSTEMPATH/Database/BaseConnection.php(795): CodeIgniter\Database\BaseConnection->initialize()
 2 SYSTEMPATH/Database/BaseBuilder.php(1649): CodeIgniter\Database\BaseConnection->query()
 3 SYSTEMPATH/Model.php(253): CodeIgniter\Database\BaseBuilder->get()
 4 SYSTEMPATH/BaseModel.php(676): CodeIgniter\Model->doFindAll()
 5 APPPATH/Controllers/RegimeController.php(24): CodeIgniter\BaseModel->findAll()
 6 SYSTEMPATH/CodeIgniter.php(951): App\Controllers\RegimeController->go_to_regime()
 7 SYSTEMPATH/CodeIgniter.php(497): CodeIgniter\CodeIgniter->runController()
 8 SYSTEMPATH/CodeIgniter.php(340): CodeIgniter\CodeIgniter->handleRequest()
 9 SYSTEMPATH/Boot.php(417): CodeIgniter\CodeIgniter->run()
10 SYSTEMPATH/Boot.php(68): CodeIgniter\Boot::runCodeIgniter()
11 FCPATH/index.php(59): CodeIgniter\Boot::bootWeb()
ERROR - 2026-05-08 15:49:38 --> Error connecting to the database: mysqli_sql_exception: No such file or directory in /home/user/Documents/GITHUB1/Regime_vrai/system/Database/MySQLi/Connection.php:201
Stack trace:
#0 /home/user/Documents/GITHUB1/Regime_vrai/system/Database/MySQLi/Connection.php(201): mysqli->real_connect()
#1 /home/user/Documents/GITHUB1/Regime_vrai/system/Database/BaseConnection.php(555): CodeIgniter\Database\MySQLi\Connection->connect()
#2 /home/user/Documents/GITHUB1/Regime_vrai/system/Database/BaseConnection.php(795): CodeIgniter\Database\BaseConnection->initialize()
#3 /home/user/Documents/GITHUB1/Regime_vrai/system/Database/BaseBuilder.php(1649): CodeIgniter\Database\BaseConnection->query()
#4 /home/user/Documents/GITHUB1/Regime_vrai/system/Model.php(253): CodeIgniter\Database\BaseBuilder->get()
#5 /home/user/Documents/GITHUB1/Regime_vrai/system/BaseModel.php(676): CodeIgniter\Model->doFindAll()
#6 /home/user/Documents/GITHUB1/Regime_vrai/app/Controllers/RegimeController.php(24): CodeIgniter\BaseModel->findAll()
#7 /home/user/Documents/GITHUB1/Regime_vrai/system/CodeIgniter.php(951): App\Controllers\RegimeController->go_to_regime()
#8 /home/user/Documents/GITHUB1/Regime_vrai/system/CodeIgniter.php(497): CodeIgniter\CodeIgniter->runController()
#9 /home/user/Documents/GITHUB1/Regime_vrai/system/CodeIgniter.php(340): CodeIgniter\CodeIgniter->handleRequest()
#10 /home/user/Documents/GITHUB1/Regime_vrai/system/Boot.php(417): CodeIgniter\CodeIgniter->run()
#11 /home/user/Documents/GITHUB1/Regime_vrai/system/Boot.php(68): CodeIgniter\Boot::runCodeIgniter()
#12 /home/user/Documents/GITHUB1/Regime_vrai/public/index.php(59): CodeIgniter\Boot::bootWeb()
#13 {main}

Next CodeIgniter\Database\Exceptions\DatabaseException: No such file or directory in /home/user/Documents/GITHUB1/Regime_vrai/system/Database/MySQLi/Connection.php:231
Stack trace:
#0 /home/user/Documents/GITHUB1/Regime_vrai/system/Database/BaseConnection.php(555): CodeIgniter\Database\MySQLi\Connection->connect()
#1 /home/user/Documents/GITHUB1/Regime_vrai/system/Database/BaseConnection.php(795): CodeIgniter\Database\BaseConnection->initialize()
#2 /home/user/Documents/GITHUB1/Regime_vrai/system/Database/BaseBuilder.php(1649): CodeIgniter\Database\BaseConnection->query()
#3 /home/user/Documents/GITHUB1/Regime_vrai/system/Model.php(253): CodeIgniter\Database\BaseBuilder->get()
#4 /home/user/Documents/GITHUB1/Regime_vrai/system/BaseModel.php(676): CodeIgniter\Model->doFindAll()
#5 /home/user/Documents/GITHUB1/Regime_vrai/app/Controllers/RegimeController.php(24): CodeIgniter\BaseModel->findAll()
#6 /home/user/Documents/GITHUB1/Regime_vrai/system/CodeIgniter.php(951): App\Controllers\RegimeController->go_to_regime()
#7 /home/user/Documents/GITHUB1/Regime_vrai/system/CodeIgniter.php(497): CodeIgniter\CodeIgniter->runController()
#8 /home/user/Documents/GITHUB1/Regime_vrai/system/CodeIgniter.php(340): CodeIgniter\CodeIgniter->handleRequest()
#9 /home/user/Documents/GITHUB1/Regime_vrai/system/Boot.php(417): CodeIgniter\CodeIgniter->run()
#10 /home/user/Documents/GITHUB1/Regime_vrai/system/Boot.php(68): CodeIgniter\Boot::runCodeIgniter()
#11 /home/user/Documents/GITHUB1/Regime_vrai/public/index.php(59): CodeIgniter\Boot::bootWeb()
#12 {main}
CRITICAL - 2026-05-08 15:49:38 --> CodeIgniter\Database\Exceptions\DatabaseException: Unable to connect to the database.
Main connection [MySQLi]: No such file or directory
[Method: GET, Route: Regime/go_to_regime]
in SYSTEMPATH/Database/BaseConnection.php on line 606.
 1 SYSTEMPATH/Database/BaseConnection.php(795): CodeIgniter\Database\BaseConnection->initialize()
 2 SYSTEMPATH/Database/BaseBuilder.php(1649): CodeIgniter\Database\BaseConnection->query()
 3 SYSTEMPATH/Model.php(253): CodeIgniter\Database\BaseBuilder->get()
 4 SYSTEMPATH/BaseModel.php(676): CodeIgniter\Model->doFindAll()
 5 APPPATH/Controllers/RegimeController.php(24): CodeIgniter\BaseModel->findAll()
 6 SYSTEMPATH/CodeIgniter.php(951): App\Controllers\RegimeController->go_to_regime()
 7 SYSTEMPATH/CodeIgniter.php(497): CodeIgniter\CodeIgniter->runController()
 8 SYSTEMPATH/CodeIgniter.php(340): CodeIgniter\CodeIgniter->handleRequest()
 9 SYSTEMPATH/Boot.php(417): CodeIgniter\CodeIgniter->run()
10 SYSTEMPATH/Boot.php(68): CodeIgniter\Boot::runCodeIgniter()
11 FCPATH/index.php(59): CodeIgniter\Boot::bootWeb()
ERROR - 2026-05-08 15:49:39 --> Error connecting to the database: mysqli_sql_exception: No such file or directory in /home/user/Documents/GITHUB1/Regime_vrai/system/Database/MySQLi/Connection.php:201
Stack trace:
#0 /home/user/Documents/GITHUB1/Regime_vrai/system/Database/MySQLi/Connection.php(201): mysqli->real_connect()
#1 /home/user/Documents/GITHUB1/Regime_vrai/system/Database/BaseConnection.php(555): CodeIgniter\Database\MySQLi\Connection->connect()
#2 /home/user/Documents/GITHUB1/Regime_vrai/system/Database/BaseConnection.php(795): CodeIgniter\Database\BaseConnection->initialize()
#3 /home/user/Documents/GITHUB1/Regime_vrai/system/Database/BaseBuilder.php(1649): CodeIgniter\Database\BaseConnection->query()
#4 /home/user/Documents/GITHUB1/Regime_vrai/system/Model.php(253): CodeIgniter\Database\BaseBuilder->get()
#5 /home/user/Documents/GITHUB1/Regime_vrai/system/BaseModel.php(676): CodeIgniter\Model->doFindAll()
#6 /home/user/Documents/GITHUB1/Regime_vrai/app/Controllers/RegimeController.php(24): CodeIgniter\BaseModel->findAll()
#7 /home/user/Documents/GITHUB1/Regime_vrai/system/CodeIgniter.php(951): App\Controllers\RegimeController->go_to_regime()
#8 /home/user/Documents/GITHUB1/Regime_vrai/system/CodeIgniter.php(497): CodeIgniter\CodeIgniter->runController()
#9 /home/user/Documents/GITHUB1/Regime_vrai/system/CodeIgniter.php(340): CodeIgniter\CodeIgniter->handleRequest()
#10 /home/user/Documents/GITHUB1/Regime_vrai/system/Boot.php(417): CodeIgniter\CodeIgniter->run()
#11 /home/user/Documents/GITHUB1/Regime_vrai/system/Boot.php(68): CodeIgniter\Boot::runCodeIgniter()
#12 /home/user/Documents/GITHUB1/Regime_vrai/public/index.php(59): CodeIgniter\Boot::bootWeb()
#13 {main}

Next CodeIgniter\Database\Exceptions\DatabaseException: No such file or directory in /home/user/Documents/GITHUB1/Regime_vrai/system/Database/MySQLi/Connection.php:231
Stack trace:
#0 /home/user/Documents/GITHUB1/Regime_vrai/system/Database/BaseConnection.php(555): CodeIgniter\Database\MySQLi\Connection->connect()
#1 /home/user/Documents/GITHUB1/Regime_vrai/system/Database/BaseConnection.php(795): CodeIgniter\Database\BaseConnection->initialize()
#2 /home/user/Documents/GITHUB1/Regime_vrai/system/Database/BaseBuilder.php(1649): CodeIgniter\Database\BaseConnection->query()
#3 /home/user/Documents/GITHUB1/Regime_vrai/system/Model.php(253): CodeIgniter\Database\BaseBuilder->get()
#4 /home/user/Documents/GITHUB1/Regime_vrai/system/BaseModel.php(676): CodeIgniter\Model->doFindAll()
#5 /home/user/Documents/GITHUB1/Regime_vrai/app/Controllers/RegimeController.php(24): CodeIgniter\BaseModel->findAll()
#6 /home/user/Documents/GITHUB1/Regime_vrai/system/CodeIgniter.php(951): App\Controllers\RegimeController->go_to_regime()
#7 /home/user/Documents/GITHUB1/Regime_vrai/system/CodeIgniter.php(497): CodeIgniter\CodeIgniter->runController()
#8 /home/user/Documents/GITHUB1/Regime_vrai/system/CodeIgniter.php(340): CodeIgniter\CodeIgniter->handleRequest()
#9 /home/user/Documents/GITHUB1/Regime_vrai/system/Boot.php(417): CodeIgniter\CodeIgniter->run()
#10 /home/user/Documents/GITHUB1/Regime_vrai/system/Boot.php(68): CodeIgniter\Boot::runCodeIgniter()
#11 /home/user/Documents/GITHUB1/Regime_vrai/public/index.php(59): CodeIgniter\Boot::bootWeb()
#12 {main}
CRITICAL - 2026-05-08 15:49:39 --> CodeIgniter\Database\Exceptions\DatabaseException: Unable to connect to the database.
Main connection [MySQLi]: No such file or directory
[Method: GET, Route: Regime/go_to_regime]
in SYSTEMPATH/Database/BaseConnection.php on line 606.
 1 SYSTEMPATH/Database/BaseConnection.php(795): CodeIgniter\Database\BaseConnection->initialize()
 2 SYSTEMPATH/Database/BaseBuilder.php(1649): CodeIgniter\Database\BaseConnection->query()
 3 SYSTEMPATH/Model.php(253): CodeIgniter\Database\BaseBuilder->get()
 4 SYSTEMPATH/BaseModel.php(676): CodeIgniter\Model->doFindAll()
 5 APPPATH/Controllers/RegimeController.php(24): CodeIgniter\BaseModel->findAll()
 6 SYSTEMPATH/CodeIgniter.php(951): App\Controllers\RegimeController->go_to_regime()
 7 SYSTEMPATH/CodeIgniter.php(497): CodeIgniter\CodeIgniter->runController()
 8 SYSTEMPATH/CodeIgniter.php(340): CodeIgniter\CodeIgniter->handleRequest()
 9 SYSTEMPATH/Boot.php(417): CodeIgniter\CodeIgniter->run()
10 SYSTEMPATH/Boot.php(68): CodeIgniter\Boot::runCodeIgniter()
11 FCPATH/index.php(59): CodeIgniter\Boot::bootWeb()
ERROR - 2026-05-08 15:49:39 --> Error connecting to the database: mysqli_sql_exception: No such file or directory in /home/user/Documents/GITHUB1/Regime_vrai/system/Database/MySQLi/Connection.php:201
Stack trace:
#0 /home/user/Documents/GITHUB1/Regime_vrai/system/Database/MySQLi/Connection.php(201): mysqli->real_connect()
#1 /home/user/Documents/GITHUB1/Regime_vrai/system/Database/BaseConnection.php(555): CodeIgniter\Database\MySQLi\Connection->connect()
#2 /home/user/Documents/GITHUB1/Regime_vrai/system/Database/BaseConnection.php(795): CodeIgniter\Database\BaseConnection->initialize()
#3 /home/user/Documents/GITHUB1/Regime_vrai/system/Database/BaseBuilder.php(1649): CodeIgniter\Database\BaseConnection->query()
#4 /home/user/Documents/GITHUB1/Regime_vrai/system/Model.php(253): CodeIgniter\Database\BaseBuilder->get()
#5 /home/user/Documents/GITHUB1/Regime_vrai/system/BaseModel.php(676): CodeIgniter\Model->doFindAll()
#6 /home/user/Documents/GITHUB1/Regime_vrai/app/Controllers/RegimeController.php(24): CodeIgniter\BaseModel->findAll()
#7 /home/user/Documents/GITHUB1/Regime_vrai/system/CodeIgniter.php(951): App\Controllers\RegimeController->go_to_regime()
#8 /home/user/Documents/GITHUB1/Regime_vrai/system/CodeIgniter.php(497): CodeIgniter\CodeIgniter->runController()
#9 /home/user/Documents/GITHUB1/Regime_vrai/system/CodeIgniter.php(340): CodeIgniter\CodeIgniter->handleRequest()
#10 /home/user/Documents/GITHUB1/Regime_vrai/system/Boot.php(417): CodeIgniter\CodeIgniter->run()
#11 /home/user/Documents/GITHUB1/Regime_vrai/system/Boot.php(68): CodeIgniter\Boot::runCodeIgniter()
#12 /home/user/Documents/GITHUB1/Regime_vrai/public/index.php(59): CodeIgniter\Boot::bootWeb()
#13 {main}

Next CodeIgniter\Database\Exceptions\DatabaseException: No such file or directory in /home/user/Documents/GITHUB1/Regime_vrai/system/Database/MySQLi/Connection.php:231
Stack trace:
#0 /home/user/Documents/GITHUB1/Regime_vrai/system/Database/BaseConnection.php(555): CodeIgniter\Database\MySQLi\Connection->connect()
#1 /home/user/Documents/GITHUB1/Regime_vrai/system/Database/BaseConnection.php(795): CodeIgniter\Database\BaseConnection->initialize()
#2 /home/user/Documents/GITHUB1/Regime_vrai/system/Database/BaseBuilder.php(1649): CodeIgniter\Database\BaseConnection->query()
#3 /home/user/Documents/GITHUB1/Regime_vrai/system/Model.php(253): CodeIgniter\Database\BaseBuilder->get()
#4 /home/user/Documents/GITHUB1/Regime_vrai/system/BaseModel.php(676): CodeIgniter\Model->doFindAll()
#5 /home/user/Documents/GITHUB1/Regime_vrai/app/Controllers/RegimeController.php(24): CodeIgniter\BaseModel->findAll()
#6 /home/user/Documents/GITHUB1/Regime_vrai/system/CodeIgniter.php(951): App\Controllers\RegimeController->go_to_regime()
#7 /home/user/Documents/GITHUB1/Regime_vrai/system/CodeIgniter.php(497): CodeIgniter\CodeIgniter->runController()
#8 /home/user/Documents/GITHUB1/Regime_vrai/system/CodeIgniter.php(340): CodeIgniter\CodeIgniter->handleRequest()
#9 /home/user/Documents/GITHUB1/Regime_vrai/system/Boot.php(417): CodeIgniter\CodeIgniter->run()
#10 /home/user/Documents/GITHUB1/Regime_vrai/system/Boot.php(68): CodeIgniter\Boot::runCodeIgniter()
#11 /home/user/Documents/GITHUB1/Regime_vrai/public/index.php(59): CodeIgniter\Boot::bootWeb()
#12 {main}
CRITICAL - 2026-05-08 15:49:39 --> CodeIgniter\Database\Exceptions\DatabaseException: Unable to connect to the database.
Main connection [MySQLi]: No such file or directory
[Method: GET, Route: Regime/go_to_regime]
in SYSTEMPATH/Database/BaseConnection.php on line 606.
 1 SYSTEMPATH/Database/BaseConnection.php(795): CodeIgniter\Database\BaseConnection->initialize()
 2 SYSTEMPATH/Database/BaseBuilder.php(1649): CodeIgniter\Database\BaseConnection->query()
 3 SYSTEMPATH/Model.php(253): CodeIgniter\Database\BaseBuilder->get()
 4 SYSTEMPATH/BaseModel.php(676): CodeIgniter\Model->doFindAll()
 5 APPPATH/Controllers/RegimeController.php(24): CodeIgniter\BaseModel->findAll()
 6 SYSTEMPATH/CodeIgniter.php(951): App\Controllers\RegimeController->go_to_regime()
 7 SYSTEMPATH/CodeIgniter.php(497): CodeIgniter\CodeIgniter->runController()
 8 SYSTEMPATH/CodeIgniter.php(340): CodeIgniter\CodeIgniter->handleRequest()
 9 SYSTEMPATH/Boot.php(417): CodeIgniter\CodeIgniter->run()
10 SYSTEMPATH/Boot.php(68): CodeIgniter\Boot::runCodeIgniter()
11 FCPATH/index.php(59): CodeIgniter\Boot::bootWeb()
ERROR - 2026-05-08 15:49:39 --> Error connecting to the database: mysqli_sql_exception: No such file or directory in /home/user/Documents/GITHUB1/Regime_vrai/system/Database/MySQLi/Connection.php:201
Stack trace:
#0 /home/user/Documents/GITHUB1/Regime_vrai/system/Database/MySQLi/Connection.php(201): mysqli->real_connect()
#1 /home/user/Documents/GITHUB1/Regime_vrai/system/Database/BaseConnection.php(555): CodeIgniter\Database\MySQLi\Connection->connect()
#2 /home/user/Documents/GITHUB1/Regime_vrai/system/Database/BaseConnection.php(795): CodeIgniter\Database\BaseConnection->initialize()
#3 /home/user/Documents/GITHUB1/Regime_vrai/system/Database/BaseBuilder.php(1649): CodeIgniter\Database\BaseConnection->query()
#4 /home/user/Documents/GITHUB1/Regime_vrai/system/Model.php(253): CodeIgniter\Database\BaseBuilder->get()
#5 /home/user/Documents/GITHUB1/Regime_vrai/system/BaseModel.php(676): CodeIgniter\Model->doFindAll()
#6 /home/user/Documents/GITHUB1/Regime_vrai/app/Controllers/RegimeController.php(24): CodeIgniter\BaseModel->findAll()
#7 /home/user/Documents/GITHUB1/Regime_vrai/system/CodeIgniter.php(951): App\Controllers\RegimeController->go_to_regime()
#8 /home/user/Documents/GITHUB1/Regime_vrai/system/CodeIgniter.php(497): CodeIgniter\CodeIgniter->runController()
#9 /home/user/Documents/GITHUB1/Regime_vrai/system/CodeIgniter.php(340): CodeIgniter\CodeIgniter->handleRequest()
#10 /home/user/Documents/GITHUB1/Regime_vrai/system/Boot.php(417): CodeIgniter\CodeIgniter->run()
#11 /home/user/Documents/GITHUB1/Regime_vrai/system/Boot.php(68): CodeIgniter\Boot::runCodeIgniter()
#12 /home/user/Documents/GITHUB1/Regime_vrai/public/index.php(59): CodeIgniter\Boot::bootWeb()
#13 {main}

Next CodeIgniter\Database\Exceptions\DatabaseException: No such file or directory in /home/user/Documents/GITHUB1/Regime_vrai/system/Database/MySQLi/Connection.php:231
Stack trace:
#0 /home/user/Documents/GITHUB1/Regime_vrai/system/Database/BaseConnection.php(555): CodeIgniter\Database\MySQLi\Connection->connect()
#1 /home/user/Documents/GITHUB1/Regime_vrai/system/Database/BaseConnection.php(795): CodeIgniter\Database\BaseConnection->initialize()
#2 /home/user/Documents/GITHUB1/Regime_vrai/system/Database/BaseBuilder.php(1649): CodeIgniter\Database\BaseConnection->query()
#3 /home/user/Documents/GITHUB1/Regime_vrai/system/Model.php(253): CodeIgniter\Database\BaseBuilder->get()
#4 /home/user/Documents/GITHUB1/Regime_vrai/system/BaseModel.php(676): CodeIgniter\Model->doFindAll()
#5 /home/user/Documents/GITHUB1/Regime_vrai/app/Controllers/RegimeController.php(24): CodeIgniter\BaseModel->findAll()
#6 /home/user/Documents/GITHUB1/Regime_vrai/system/CodeIgniter.php(951): App\Controllers\RegimeController->go_to_regime()
#7 /home/user/Documents/GITHUB1/Regime_vrai/system/CodeIgniter.php(497): CodeIgniter\CodeIgniter->runController()
#8 /home/user/Documents/GITHUB1/Regime_vrai/system/CodeIgniter.php(340): CodeIgniter\CodeIgniter->handleRequest()
#9 /home/user/Documents/GITHUB1/Regime_vrai/system/Boot.php(417): CodeIgniter\CodeIgniter->run()
#10 /home/user/Documents/GITHUB1/Regime_vrai/system/Boot.php(68): CodeIgniter\Boot::runCodeIgniter()
#11 /home/user/Documents/GITHUB1/Regime_vrai/public/index.php(59): CodeIgniter\Boot::bootWeb()
#12 {main}
CRITICAL - 2026-05-08 15:49:39 --> CodeIgniter\Database\Exceptions\DatabaseException: Unable to connect to the database.
Main connection [MySQLi]: No such file or directory
[Method: GET, Route: Regime/go_to_regime]
in SYSTEMPATH/Database/BaseConnection.php on line 606.
 1 SYSTEMPATH/Database/BaseConnection.php(795): CodeIgniter\Database\BaseConnection->initialize()
 2 SYSTEMPATH/Database/BaseBuilder.php(1649): CodeIgniter\Database\BaseConnection->query()
 3 SYSTEMPATH/Model.php(253): CodeIgniter\Database\BaseBuilder->get()
 4 SYSTEMPATH/BaseModel.php(676): CodeIgniter\Model->doFindAll()
 5 APPPATH/Controllers/RegimeController.php(24): CodeIgniter\BaseModel->findAll()
 6 SYSTEMPATH/CodeIgniter.php(951): App\Controllers\RegimeController->go_to_regime()
 7 SYSTEMPATH/CodeIgniter.php(497): CodeIgniter\CodeIgniter->runController()
 8 SYSTEMPATH/CodeIgniter.php(340): CodeIgniter\CodeIgniter->handleRequest()
 9 SYSTEMPATH/Boot.php(417): CodeIgniter\CodeIgniter->run()
10 SYSTEMPATH/Boot.php(68): CodeIgniter\Boot::runCodeIgniter()
11 FCPATH/index.php(59): CodeIgniter\Boot::bootWeb()
ERROR - 2026-05-08 15:49:51 --> Error connecting to the database: mysqli_sql_exception: No such file or directory in /home/user/Documents/GITHUB1/Regime_vrai/system/Database/MySQLi/Connection.php:201
Stack trace:
#0 /home/user/Documents/GITHUB1/Regime_vrai/system/Database/MySQLi/Connection.php(201): mysqli->real_connect()
#1 /home/user/Documents/GITHUB1/Regime_vrai/system/Database/BaseConnection.php(555): CodeIgniter\Database\MySQLi\Connection->connect()
#2 /home/user/Documents/GITHUB1/Regime_vrai/system/Database/BaseConnection.php(795): CodeIgniter\Database\BaseConnection->initialize()
#3 /home/user/Documents/GITHUB1/Regime_vrai/system/Database/BaseBuilder.php(1649): CodeIgniter\Database\BaseConnection->query()
#4 /home/user/Documents/GITHUB1/Regime_vrai/system/Model.php(253): CodeIgniter\Database\BaseBuilder->get()
#5 /home/user/Documents/GITHUB1/Regime_vrai/system/BaseModel.php(676): CodeIgniter\Model->doFindAll()
#6 /home/user/Documents/GITHUB1/Regime_vrai/app/Controllers/RegimeController.php(24): CodeIgniter\BaseModel->findAll()
#7 /home/user/Documents/GITHUB1/Regime_vrai/system/CodeIgniter.php(951): App\Controllers\RegimeController->go_to_regime()
#8 /home/user/Documents/GITHUB1/Regime_vrai/system/CodeIgniter.php(497): CodeIgniter\CodeIgniter->runController()
#9 /home/user/Documents/GITHUB1/Regime_vrai/system/CodeIgniter.php(340): CodeIgniter\CodeIgniter->handleRequest()
#10 /home/user/Documents/GITHUB1/Regime_vrai/system/Boot.php(417): CodeIgniter\CodeIgniter->run()
#11 /home/user/Documents/GITHUB1/Regime_vrai/system/Boot.php(68): CodeIgniter\Boot::runCodeIgniter()
#12 /home/user/Documents/GITHUB1/Regime_vrai/public/index.php(59): CodeIgniter\Boot::bootWeb()
#13 {main}

Next CodeIgniter\Database\Exceptions\DatabaseException: No such file or directory in /home/user/Documents/GITHUB1/Regime_vrai/system/Database/MySQLi/Connection.php:231
Stack trace:
#0 /home/user/Documents/GITHUB1/Regime_vrai/system/Database/BaseConnection.php(555): CodeIgniter\Database\MySQLi\Connection->connect()
#1 /home/user/Documents/GITHUB1/Regime_vrai/system/Database/BaseConnection.php(795): CodeIgniter\Database\BaseConnection->initialize()
#2 /home/user/Documents/GITHUB1/Regime_vrai/system/Database/BaseBuilder.php(1649): CodeIgniter\Database\BaseConnection->query()
#3 /home/user/Documents/GITHUB1/Regime_vrai/system/Model.php(253): CodeIgniter\Database\BaseBuilder->get()
#4 /home/user/Documents/GITHUB1/Regime_vrai/system/BaseModel.php(676): CodeIgniter\Model->doFindAll()
#5 /home/user/Documents/GITHUB1/Regime_vrai/app/Controllers/RegimeController.php(24): CodeIgniter\BaseModel->findAll()
#6 /home/user/Documents/GITHUB1/Regime_vrai/system/CodeIgniter.php(951): App\Controllers\RegimeController->go_to_regime()
#7 /home/user/Documents/GITHUB1/Regime_vrai/system/CodeIgniter.php(497): CodeIgniter\CodeIgniter->runController()
#8 /home/user/Documents/GITHUB1/Regime_vrai/system/CodeIgniter.php(340): CodeIgniter\CodeIgniter->handleRequest()
#9 /home/user/Documents/GITHUB1/Regime_vrai/system/Boot.php(417): CodeIgniter\CodeIgniter->run()
#10 /home/user/Documents/GITHUB1/Regime_vrai/system/Boot.php(68): CodeIgniter\Boot::runCodeIgniter()
#11 /home/user/Documents/GITHUB1/Regime_vrai/public/index.php(59): CodeIgniter\Boot::bootWeb()
#12 {main}
CRITICAL - 2026-05-08 15:49:51 --> CodeIgniter\Database\Exceptions\DatabaseException: Unable to connect to the database.
Main connection [MySQLi]: No such file or directory
[Method: GET, Route: Regime/go_to_regime]
in SYSTEMPATH/Database/BaseConnection.php on line 606.
 1 SYSTEMPATH/Database/BaseConnection.php(795): CodeIgniter\Database\BaseConnection->initialize()
 2 SYSTEMPATH/Database/BaseBuilder.php(1649): CodeIgniter\Database\BaseConnection->query()
 3 SYSTEMPATH/Model.php(253): CodeIgniter\Database\BaseBuilder->get()
 4 SYSTEMPATH/BaseModel.php(676): CodeIgniter\Model->doFindAll()
 5 APPPATH/Controllers/RegimeController.php(24): CodeIgniter\BaseModel->findAll()
 6 SYSTEMPATH/CodeIgniter.php(951): App\Controllers\RegimeController->go_to_regime()
 7 SYSTEMPATH/CodeIgniter.php(497): CodeIgniter\CodeIgniter->runController()
 8 SYSTEMPATH/CodeIgniter.php(340): CodeIgniter\CodeIgniter->handleRequest()
 9 SYSTEMPATH/Boot.php(417): CodeIgniter\CodeIgniter->run()
10 SYSTEMPATH/Boot.php(68): CodeIgniter\Boot::runCodeIgniter()
11 FCPATH/index.php(59): CodeIgniter\Boot::bootWeb()
ERROR - 2026-05-08 15:49:51 --> Error connecting to the database: mysqli_sql_exception: No such file or directory in /home/user/Documents/GITHUB1/Regime_vrai/system/Database/MySQLi/Connection.php:201
Stack trace:
#0 /home/user/Documents/GITHUB1/Regime_vrai/system/Database/MySQLi/Connection.php(201): mysqli->real_connect()
#1 /home/user/Documents/GITHUB1/Regime_vrai/system/Database/BaseConnection.php(555): CodeIgniter\Database\MySQLi\Connection->connect()
#2 /home/user/Documents/GITHUB1/Regime_vrai/system/Database/BaseConnection.php(795): CodeIgniter\Database\BaseConnection->initialize()
#3 /home/user/Documents/GITHUB1/Regime_vrai/system/Database/BaseBuilder.php(1649): CodeIgniter\Database\BaseConnection->query()
#4 /home/user/Documents/GITHUB1/Regime_vrai/system/Model.php(253): CodeIgniter\Database\BaseBuilder->get()
#5 /home/user/Documents/GITHUB1/Regime_vrai/system/BaseModel.php(676): CodeIgniter\Model->doFindAll()
#6 /home/user/Documents/GITHUB1/Regime_vrai/app/Controllers/RegimeController.php(24): CodeIgniter\BaseModel->findAll()
#7 /home/user/Documents/GITHUB1/Regime_vrai/system/CodeIgniter.php(951): App\Controllers\RegimeController->go_to_regime()
#8 /home/user/Documents/GITHUB1/Regime_vrai/system/CodeIgniter.php(497): CodeIgniter\CodeIgniter->runController()
#9 /home/user/Documents/GITHUB1/Regime_vrai/system/CodeIgniter.php(340): CodeIgniter\CodeIgniter->handleRequest()
#10 /home/user/Documents/GITHUB1/Regime_vrai/system/Boot.php(417): CodeIgniter\CodeIgniter->run()
#11 /home/user/Documents/GITHUB1/Regime_vrai/system/Boot.php(68): CodeIgniter\Boot::runCodeIgniter()
#12 /home/user/Documents/GITHUB1/Regime_vrai/public/index.php(59): CodeIgniter\Boot::bootWeb()
#13 {main}

Next CodeIgniter\Database\Exceptions\DatabaseException: No such file or directory in /home/user/Documents/GITHUB1/Regime_vrai/system/Database/MySQLi/Connection.php:231
Stack trace:
#0 /home/user/Documents/GITHUB1/Regime_vrai/system/Database/BaseConnection.php(555): CodeIgniter\Database\MySQLi\Connection->connect()
#1 /home/user/Documents/GITHUB1/Regime_vrai/system/Database/BaseConnection.php(795): CodeIgniter\Database\BaseConnection->initialize()
#2 /home/user/Documents/GITHUB1/Regime_vrai/system/Database/BaseBuilder.php(1649): CodeIgniter\Database\BaseConnection->query()
#3 /home/user/Documents/GITHUB1/Regime_vrai/system/Model.php(253): CodeIgniter\Database\BaseBuilder->get()
#4 /home/user/Documents/GITHUB1/Regime_vrai/system/BaseModel.php(676): CodeIgniter\Model->doFindAll()
#5 /home/user/Documents/GITHUB1/Regime_vrai/app/Controllers/RegimeController.php(24): CodeIgniter\BaseModel->findAll()
#6 /home/user/Documents/GITHUB1/Regime_vrai/system/CodeIgniter.php(951): App\Controllers\RegimeController->go_to_regime()
#7 /home/user/Documents/GITHUB1/Regime_vrai/system/CodeIgniter.php(497): CodeIgniter\CodeIgniter->runController()
#8 /home/user/Documents/GITHUB1/Regime_vrai/system/CodeIgniter.php(340): CodeIgniter\CodeIgniter->handleRequest()
#9 /home/user/Documents/GITHUB1/Regime_vrai/system/Boot.php(417): CodeIgniter\CodeIgniter->run()
#10 /home/user/Documents/GITHUB1/Regime_vrai/system/Boot.php(68): CodeIgniter\Boot::runCodeIgniter()
#11 /home/user/Documents/GITHUB1/Regime_vrai/public/index.php(59): CodeIgniter\Boot::bootWeb()
#12 {main}
CRITICAL - 2026-05-08 15:49:51 --> CodeIgniter\Database\Exceptions\DatabaseException: Unable to connect to the database.
Main connection [MySQLi]: No such file or directory
[Method: GET, Route: Regime/go_to_regime]
in SYSTEMPATH/Database/BaseConnection.php on line 606.
 1 SYSTEMPATH/Database/BaseConnection.php(795): CodeIgniter\Database\BaseConnection->initialize()
 2 SYSTEMPATH/Database/BaseBuilder.php(1649): CodeIgniter\Database\BaseConnection->query()
 3 SYSTEMPATH/Model.php(253): CodeIgniter\Database\BaseBuilder->get()
 4 SYSTEMPATH/BaseModel.php(676): CodeIgniter\Model->doFindAll()
 5 APPPATH/Controllers/RegimeController.php(24): CodeIgniter\BaseModel->findAll()
 6 SYSTEMPATH/CodeIgniter.php(951): App\Controllers\RegimeController->go_to_regime()
 7 SYSTEMPATH/CodeIgniter.php(497): CodeIgniter\CodeIgniter->runController()
 8 SYSTEMPATH/CodeIgniter.php(340): CodeIgniter\CodeIgniter->handleRequest()
 9 SYSTEMPATH/Boot.php(417): CodeIgniter\CodeIgniter->run()
10 SYSTEMPATH/Boot.php(68): CodeIgniter\Boot::runCodeIgniter()
11 FCPATH/index.php(59): CodeIgniter\Boot::bootWeb()
ERROR - 2026-05-08 15:49:51 --> Error connecting to the database: mysqli_sql_exception: No such file or directory in /home/user/Documents/GITHUB1/Regime_vrai/system/Database/MySQLi/Connection.php:201
Stack trace:
#0 /home/user/Documents/GITHUB1/Regime_vrai/system/Database/MySQLi/Connection.php(201): mysqli->real_connect()
#1 /home/user/Documents/GITHUB1/Regime_vrai/system/Database/BaseConnection.php(555): CodeIgniter\Database\MySQLi\Connection->connect()
#2 /home/user/Documents/GITHUB1/Regime_vrai/system/Database/BaseConnection.php(795): CodeIgniter\Database\BaseConnection->initialize()
#3 /home/user/Documents/GITHUB1/Regime_vrai/system/Database/BaseBuilder.php(1649): CodeIgniter\Database\BaseConnection->query()
#4 /home/user/Documents/GITHUB1/Regime_vrai/system/Model.php(253): CodeIgniter\Database\BaseBuilder->get()
#5 /home/user/Documents/GITHUB1/Regime_vrai/system/BaseModel.php(676): CodeIgniter\Model->doFindAll()
#6 /home/user/Documents/GITHUB1/Regime_vrai/app/Controllers/RegimeController.php(24): CodeIgniter\BaseModel->findAll()
#7 /home/user/Documents/GITHUB1/Regime_vrai/system/CodeIgniter.php(951): App\Controllers\RegimeController->go_to_regime()
#8 /home/user/Documents/GITHUB1/Regime_vrai/system/CodeIgniter.php(497): CodeIgniter\CodeIgniter->runController()
#9 /home/user/Documents/GITHUB1/Regime_vrai/system/CodeIgniter.php(340): CodeIgniter\CodeIgniter->handleRequest()
#10 /home/user/Documents/GITHUB1/Regime_vrai/system/Boot.php(417): CodeIgniter\CodeIgniter->run()
#11 /home/user/Documents/GITHUB1/Regime_vrai/system/Boot.php(68): CodeIgniter\Boot::runCodeIgniter()
#12 /home/user/Documents/GITHUB1/Regime_vrai/public/index.php(59): CodeIgniter\Boot::bootWeb()
#13 {main}

Next CodeIgniter\Database\Exceptions\DatabaseException: No such file or directory in /home/user/Documents/GITHUB1/Regime_vrai/system/Database/MySQLi/Connection.php:231
Stack trace:
#0 /home/user/Documents/GITHUB1/Regime_vrai/system/Database/BaseConnection.php(555): CodeIgniter\Database\MySQLi\Connection->connect()
#1 /home/user/Documents/GITHUB1/Regime_vrai/system/Database/BaseConnection.php(795): CodeIgniter\Database\BaseConnection->initialize()
#2 /home/user/Documents/GITHUB1/Regime_vrai/system/Database/BaseBuilder.php(1649): CodeIgniter\Database\BaseConnection->query()
#3 /home/user/Documents/GITHUB1/Regime_vrai/system/Model.php(253): CodeIgniter\Database\BaseBuilder->get()
#4 /home/user/Documents/GITHUB1/Regime_vrai/system/BaseModel.php(676): CodeIgniter\Model->doFindAll()
#5 /home/user/Documents/GITHUB1/Regime_vrai/app/Controllers/RegimeController.php(24): CodeIgniter\BaseModel->findAll()
#6 /home/user/Documents/GITHUB1/Regime_vrai/system/CodeIgniter.php(951): App\Controllers\RegimeController->go_to_regime()
#7 /home/user/Documents/GITHUB1/Regime_vrai/system/CodeIgniter.php(497): CodeIgniter\CodeIgniter->runController()
#8 /home/user/Documents/GITHUB1/Regime_vrai/system/CodeIgniter.php(340): CodeIgniter\CodeIgniter->handleRequest()
#9 /home/user/Documents/GITHUB1/Regime_vrai/system/Boot.php(417): CodeIgniter\CodeIgniter->run()
#10 /home/user/Documents/GITHUB1/Regime_vrai/system/Boot.php(68): CodeIgniter\Boot::runCodeIgniter()
#11 /home/user/Documents/GITHUB1/Regime_vrai/public/index.php(59): CodeIgniter\Boot::bootWeb()
#12 {main}
CRITICAL - 2026-05-08 15:49:51 --> CodeIgniter\Database\Exceptions\DatabaseException: Unable to connect to the database.
Main connection [MySQLi]: No such file or directory
[Method: GET, Route: Regime/go_to_regime]
in SYSTEMPATH/Database/BaseConnection.php on line 606.
 1 SYSTEMPATH/Database/BaseConnection.php(795): CodeIgniter\Database\BaseConnection->initialize()
 2 SYSTEMPATH/Database/BaseBuilder.php(1649): CodeIgniter\Database\BaseConnection->query()
 3 SYSTEMPATH/Model.php(253): CodeIgniter\Database\BaseBuilder->get()
 4 SYSTEMPATH/BaseModel.php(676): CodeIgniter\Model->doFindAll()
 5 APPPATH/Controllers/RegimeController.php(24): CodeIgniter\BaseModel->findAll()
 6 SYSTEMPATH/CodeIgniter.php(951): App\Controllers\RegimeController->go_to_regime()
 7 SYSTEMPATH/CodeIgniter.php(497): CodeIgniter\CodeIgniter->runController()
 8 SYSTEMPATH/CodeIgniter.php(340): CodeIgniter\CodeIgniter->handleRequest()
 9 SYSTEMPATH/Boot.php(417): CodeIgniter\CodeIgniter->run()
10 SYSTEMPATH/Boot.php(68): CodeIgniter\Boot::runCodeIgniter()
11 FCPATH/index.php(59): CodeIgniter\Boot::bootWeb()
ERROR - 2026-05-08 15:49:51 --> Error connecting to the database: mysqli_sql_exception: No such file or directory in /home/user/Documents/GITHUB1/Regime_vrai/system/Database/MySQLi/Connection.php:201
Stack trace:
#0 /home/user/Documents/GITHUB1/Regime_vrai/system/Database/MySQLi/Connection.php(201): mysqli->real_connect()
#1 /home/user/Documents/GITHUB1/Regime_vrai/system/Database/BaseConnection.php(555): CodeIgniter\Database\MySQLi\Connection->connect()
#2 /home/user/Documents/GITHUB1/Regime_vrai/system/Database/BaseConnection.php(795): CodeIgniter\Database\BaseConnection->initialize()
#3 /home/user/Documents/GITHUB1/Regime_vrai/system/Database/BaseBuilder.php(1649): CodeIgniter\Database\BaseConnection->query()
#4 /home/user/Documents/GITHUB1/Regime_vrai/system/Model.php(253): CodeIgniter\Database\BaseBuilder->get()
#5 /home/user/Documents/GITHUB1/Regime_vrai/system/BaseModel.php(676): CodeIgniter\Model->doFindAll()
#6 /home/user/Documents/GITHUB1/Regime_vrai/app/Controllers/RegimeController.php(24): CodeIgniter\BaseModel->findAll()
#7 /home/user/Documents/GITHUB1/Regime_vrai/system/CodeIgniter.php(951): App\Controllers\RegimeController->go_to_regime()
#8 /home/user/Documents/GITHUB1/Regime_vrai/system/CodeIgniter.php(497): CodeIgniter\CodeIgniter->runController()
#9 /home/user/Documents/GITHUB1/Regime_vrai/system/CodeIgniter.php(340): CodeIgniter\CodeIgniter->handleRequest()
#10 /home/user/Documents/GITHUB1/Regime_vrai/system/Boot.php(417): CodeIgniter\CodeIgniter->run()
#11 /home/user/Documents/GITHUB1/Regime_vrai/system/Boot.php(68): CodeIgniter\Boot::runCodeIgniter()
#12 /home/user/Documents/GITHUB1/Regime_vrai/public/index.php(59): CodeIgniter\Boot::bootWeb()
#13 {main}

Next CodeIgniter\Database\Exceptions\DatabaseException: No such file or directory in /home/user/Documents/GITHUB1/Regime_vrai/system/Database/MySQLi/Connection.php:231
Stack trace:
#0 /home/user/Documents/GITHUB1/Regime_vrai/system/Database/BaseConnection.php(555): CodeIgniter\Database\MySQLi\Connection->connect()
#1 /home/user/Documents/GITHUB1/Regime_vrai/system/Database/BaseConnection.php(795): CodeIgniter\Database\BaseConnection->initialize()
#2 /home/user/Documents/GITHUB1/Regime_vrai/system/Database/BaseBuilder.php(1649): CodeIgniter\Database\BaseConnection->query()
#3 /home/user/Documents/GITHUB1/Regime_vrai/system/Model.php(253): CodeIgniter\Database\BaseBuilder->get()
#4 /home/user/Documents/GITHUB1/Regime_vrai/system/BaseModel.php(676): CodeIgniter\Model->doFindAll()
#5 /home/user/Documents/GITHUB1/Regime_vrai/app/Controllers/RegimeController.php(24): CodeIgniter\BaseModel->findAll()
#6 /home/user/Documents/GITHUB1/Regime_vrai/system/CodeIgniter.php(951): App\Controllers\RegimeController->go_to_regime()
#7 /home/user/Documents/GITHUB1/Regime_vrai/system/CodeIgniter.php(497): CodeIgniter\CodeIgniter->runController()
#8 /home/user/Documents/GITHUB1/Regime_vrai/system/CodeIgniter.php(340): CodeIgniter\CodeIgniter->handleRequest()
#9 /home/user/Documents/GITHUB1/Regime_vrai/system/Boot.php(417): CodeIgniter\CodeIgniter->run()
#10 /home/user/Documents/GITHUB1/Regime_vrai/system/Boot.php(68): CodeIgniter\Boot::runCodeIgniter()
#11 /home/user/Documents/GITHUB1/Regime_vrai/public/index.php(59): CodeIgniter\Boot::bootWeb()
#12 {main}
CRITICAL - 2026-05-08 15:49:51 --> CodeIgniter\Database\Exceptions\DatabaseException: Unable to connect to the database.
Main connection [MySQLi]: No such file or directory
[Method: GET, Route: Regime/go_to_regime]
in SYSTEMPATH/Database/BaseConnection.php on line 606.
 1 SYSTEMPATH/Database/BaseConnection.php(795): CodeIgniter\Database\BaseConnection->initialize()
 2 SYSTEMPATH/Database/BaseBuilder.php(1649): CodeIgniter\Database\BaseConnection->query()
 3 SYSTEMPATH/Model.php(253): CodeIgniter\Database\BaseBuilder->get()
 4 SYSTEMPATH/BaseModel.php(676): CodeIgniter\Model->doFindAll()
 5 APPPATH/Controllers/RegimeController.php(24): CodeIgniter\BaseModel->findAll()
 6 SYSTEMPATH/CodeIgniter.php(951): App\Controllers\RegimeController->go_to_regime()
 7 SYSTEMPATH/CodeIgniter.php(497): CodeIgniter\CodeIgniter->runController()
 8 SYSTEMPATH/CodeIgniter.php(340): CodeIgniter\CodeIgniter->handleRequest()
 9 SYSTEMPATH/Boot.php(417): CodeIgniter\CodeIgniter->run()
10 SYSTEMPATH/Boot.php(68): CodeIgniter\Boot::runCodeIgniter()
11 FCPATH/index.php(59): CodeIgniter\Boot::bootWeb()
ERROR - 2026-05-08 15:49:51 --> Error connecting to the database: mysqli_sql_exception: No such file or directory in /home/user/Documents/GITHUB1/Regime_vrai/system/Database/MySQLi/Connection.php:201
Stack trace:
#0 /home/user/Documents/GITHUB1/Regime_vrai/system/Database/MySQLi/Connection.php(201): mysqli->real_connect()
#1 /home/user/Documents/GITHUB1/Regime_vrai/system/Database/BaseConnection.php(555): CodeIgniter\Database\MySQLi\Connection->connect()
#2 /home/user/Documents/GITHUB1/Regime_vrai/system/Database/BaseConnection.php(795): CodeIgniter\Database\BaseConnection->initialize()
#3 /home/user/Documents/GITHUB1/Regime_vrai/system/Database/BaseBuilder.php(1649): CodeIgniter\Database\BaseConnection->query()
#4 /home/user/Documents/GITHUB1/Regime_vrai/system/Model.php(253): CodeIgniter\Database\BaseBuilder->get()
#5 /home/user/Documents/GITHUB1/Regime_vrai/system/BaseModel.php(676): CodeIgniter\Model->doFindAll()
#6 /home/user/Documents/GITHUB1/Regime_vrai/app/Controllers/RegimeController.php(24): CodeIgniter\BaseModel->findAll()
#7 /home/user/Documents/GITHUB1/Regime_vrai/system/CodeIgniter.php(951): App\Controllers\RegimeController->go_to_regime()
#8 /home/user/Documents/GITHUB1/Regime_vrai/system/CodeIgniter.php(497): CodeIgniter\CodeIgniter->runController()
#9 /home/user/Documents/GITHUB1/Regime_vrai/system/CodeIgniter.php(340): CodeIgniter\CodeIgniter->handleRequest()
#10 /home/user/Documents/GITHUB1/Regime_vrai/system/Boot.php(417): CodeIgniter\CodeIgniter->run()
#11 /home/user/Documents/GITHUB1/Regime_vrai/system/Boot.php(68): CodeIgniter\Boot::runCodeIgniter()
#12 /home/user/Documents/GITHUB1/Regime_vrai/public/index.php(59): CodeIgniter\Boot::bootWeb()
#13 {main}

Next CodeIgniter\Database\Exceptions\DatabaseException: No such file or directory in /home/user/Documents/GITHUB1/Regime_vrai/system/Database/MySQLi/Connection.php:231
Stack trace:
#0 /home/user/Documents/GITHUB1/Regime_vrai/system/Database/BaseConnection.php(555): CodeIgniter\Database\MySQLi\Connection->connect()
#1 /home/user/Documents/GITHUB1/Regime_vrai/system/Database/BaseConnection.php(795): CodeIgniter\Database\BaseConnection->initialize()
#2 /home/user/Documents/GITHUB1/Regime_vrai/system/Database/BaseBuilder.php(1649): CodeIgniter\Database\BaseConnection->query()
#3 /home/user/Documents/GITHUB1/Regime_vrai/system/Model.php(253): CodeIgniter\Database\BaseBuilder->get()
#4 /home/user/Documents/GITHUB1/Regime_vrai/system/BaseModel.php(676): CodeIgniter\Model->doFindAll()
#5 /home/user/Documents/GITHUB1/Regime_vrai/app/Controllers/RegimeController.php(24): CodeIgniter\BaseModel->findAll()
#6 /home/user/Documents/GITHUB1/Regime_vrai/system/CodeIgniter.php(951): App\Controllers\RegimeController->go_to_regime()
#7 /home/user/Documents/GITHUB1/Regime_vrai/system/CodeIgniter.php(497): CodeIgniter\CodeIgniter->runController()
#8 /home/user/Documents/GITHUB1/Regime_vrai/system/CodeIgniter.php(340): CodeIgniter\CodeIgniter->handleRequest()
#9 /home/user/Documents/GITHUB1/Regime_vrai/system/Boot.php(417): CodeIgniter\CodeIgniter->run()
#10 /home/user/Documents/GITHUB1/Regime_vrai/system/Boot.php(68): CodeIgniter\Boot::runCodeIgniter()
#11 /home/user/Documents/GITHUB1/Regime_vrai/public/index.php(59): CodeIgniter\Boot::bootWeb()
#12 {main}
CRITICAL - 2026-05-08 15:49:51 --> CodeIgniter\Database\Exceptions\DatabaseException: Unable to connect to the database.
Main connection [MySQLi]: No such file or directory
[Method: GET, Route: Regime/go_to_regime]
in SYSTEMPATH/Database/BaseConnection.php on line 606.
 1 SYSTEMPATH/Database/BaseConnection.php(795): CodeIgniter\Database\BaseConnection->initialize()
 2 SYSTEMPATH/Database/BaseBuilder.php(1649): CodeIgniter\Database\BaseConnection->query()
 3 SYSTEMPATH/Model.php(253): CodeIgniter\Database\BaseBuilder->get()
 4 SYSTEMPATH/BaseModel.php(676): CodeIgniter\Model->doFindAll()
 5 APPPATH/Controllers/RegimeController.php(24): CodeIgniter\BaseModel->findAll()
 6 SYSTEMPATH/CodeIgniter.php(951): App\Controllers\RegimeController->go_to_regime()
 7 SYSTEMPATH/CodeIgniter.php(497): CodeIgniter\CodeIgniter->runController()
 8 SYSTEMPATH/CodeIgniter.php(340): CodeIgniter\CodeIgniter->handleRequest()
 9 SYSTEMPATH/Boot.php(417): CodeIgniter\CodeIgniter->run()
10 SYSTEMPATH/Boot.php(68): CodeIgniter\Boot::runCodeIgniter()
11 FCPATH/index.php(59): CodeIgniter\Boot::bootWeb()
ERROR - 2026-05-08 15:49:52 --> Error connecting to the database: mysqli_sql_exception: No such file or directory in /home/user/Documents/GITHUB1/Regime_vrai/system/Database/MySQLi/Connection.php:201
Stack trace:
#0 /home/user/Documents/GITHUB1/Regime_vrai/system/Database/MySQLi/Connection.php(201): mysqli->real_connect()
#1 /home/user/Documents/GITHUB1/Regime_vrai/system/Database/BaseConnection.php(555): CodeIgniter\Database\MySQLi\Connection->connect()
#2 /home/user/Documents/GITHUB1/Regime_vrai/system/Database/BaseConnection.php(795): CodeIgniter\Database\BaseConnection->initialize()
#3 /home/user/Documents/GITHUB1/Regime_vrai/system/Database/BaseBuilder.php(1649): CodeIgniter\Database\BaseConnection->query()
#4 /home/user/Documents/GITHUB1/Regime_vrai/system/Model.php(253): CodeIgniter\Database\BaseBuilder->get()
#5 /home/user/Documents/GITHUB1/Regime_vrai/system/BaseModel.php(676): CodeIgniter\Model->doFindAll()
#6 /home/user/Documents/GITHUB1/Regime_vrai/app/Controllers/RegimeController.php(24): CodeIgniter\BaseModel->findAll()
#7 /home/user/Documents/GITHUB1/Regime_vrai/system/CodeIgniter.php(951): App\Controllers\RegimeController->go_to_regime()
#8 /home/user/Documents/GITHUB1/Regime_vrai/system/CodeIgniter.php(497): CodeIgniter\CodeIgniter->runController()
#9 /home/user/Documents/GITHUB1/Regime_vrai/system/CodeIgniter.php(340): CodeIgniter\CodeIgniter->handleRequest()
#10 /home/user/Documents/GITHUB1/Regime_vrai/system/Boot.php(417): CodeIgniter\CodeIgniter->run()
#11 /home/user/Documents/GITHUB1/Regime_vrai/system/Boot.php(68): CodeIgniter\Boot::runCodeIgniter()
#12 /home/user/Documents/GITHUB1/Regime_vrai/public/index.php(59): CodeIgniter\Boot::bootWeb()
#13 {main}

Next CodeIgniter\Database\Exceptions\DatabaseException: No such file or directory in /home/user/Documents/GITHUB1/Regime_vrai/system/Database/MySQLi/Connection.php:231
Stack trace:
#0 /home/user/Documents/GITHUB1/Regime_vrai/system/Database/BaseConnection.php(555): CodeIgniter\Database\MySQLi\Connection->connect()
#1 /home/user/Documents/GITHUB1/Regime_vrai/system/Database/BaseConnection.php(795): CodeIgniter\Database\BaseConnection->initialize()
#2 /home/user/Documents/GITHUB1/Regime_vrai/system/Database/BaseBuilder.php(1649): CodeIgniter\Database\BaseConnection->query()
#3 /home/user/Documents/GITHUB1/Regime_vrai/system/Model.php(253): CodeIgniter\Database\BaseBuilder->get()
#4 /home/user/Documents/GITHUB1/Regime_vrai/system/BaseModel.php(676): CodeIgniter\Model->doFindAll()
#5 /home/user/Documents/GITHUB1/Regime_vrai/app/Controllers/RegimeController.php(24): CodeIgniter\BaseModel->findAll()
#6 /home/user/Documents/GITHUB1/Regime_vrai/system/CodeIgniter.php(951): App\Controllers\RegimeController->go_to_regime()
#7 /home/user/Documents/GITHUB1/Regime_vrai/system/CodeIgniter.php(497): CodeIgniter\CodeIgniter->runController()
#8 /home/user/Documents/GITHUB1/Regime_vrai/system/CodeIgniter.php(340): CodeIgniter\CodeIgniter->handleRequest()
#9 /home/user/Documents/GITHUB1/Regime_vrai/system/Boot.php(417): CodeIgniter\CodeIgniter->run()
#10 /home/user/Documents/GITHUB1/Regime_vrai/system/Boot.php(68): CodeIgniter\Boot::runCodeIgniter()
#11 /home/user/Documents/GITHUB1/Regime_vrai/public/index.php(59): CodeIgniter\Boot::bootWeb()
#12 {main}
CRITICAL - 2026-05-08 15:49:52 --> CodeIgniter\Database\Exceptions\DatabaseException: Unable to connect to the database.
Main connection [MySQLi]: No such file or directory
[Method: GET, Route: Regime/go_to_regime]
in SYSTEMPATH/Database/BaseConnection.php on line 606.
 1 SYSTEMPATH/Database/BaseConnection.php(795): CodeIgniter\Database\BaseConnection->initialize()
 2 SYSTEMPATH/Database/BaseBuilder.php(1649): CodeIgniter\Database\BaseConnection->query()
 3 SYSTEMPATH/Model.php(253): CodeIgniter\Database\BaseBuilder->get()
 4 SYSTEMPATH/BaseModel.php(676): CodeIgniter\Model->doFindAll()
 5 APPPATH/Controllers/RegimeController.php(24): CodeIgniter\BaseModel->findAll()
 6 SYSTEMPATH/CodeIgniter.php(951): App\Controllers\RegimeController->go_to_regime()
 7 SYSTEMPATH/CodeIgniter.php(497): CodeIgniter\CodeIgniter->runController()
 8 SYSTEMPATH/CodeIgniter.php(340): CodeIgniter\CodeIgniter->handleRequest()
 9 SYSTEMPATH/Boot.php(417): CodeIgniter\CodeIgniter->run()
10 SYSTEMPATH/Boot.php(68): CodeIgniter\Boot::runCodeIgniter()
11 FCPATH/index.php(59): CodeIgniter\Boot::bootWeb()
ERROR - 2026-05-08 15:49:52 --> Error connecting to the database: mysqli_sql_exception: No such file or directory in /home/user/Documents/GITHUB1/Regime_vrai/system/Database/MySQLi/Connection.php:201
Stack trace:
#0 /home/user/Documents/GITHUB1/Regime_vrai/system/Database/MySQLi/Connection.php(201): mysqli->real_connect()
#1 /home/user/Documents/GITHUB1/Regime_vrai/system/Database/BaseConnection.php(555): CodeIgniter\Database\MySQLi\Connection->connect()
#2 /home/user/Documents/GITHUB1/Regime_vrai/system/Database/BaseConnection.php(795): CodeIgniter\Database\BaseConnection->initialize()
#3 /home/user/Documents/GITHUB1/Regime_vrai/system/Database/BaseBuilder.php(1649): CodeIgniter\Database\BaseConnection->query()
#4 /home/user/Documents/GITHUB1/Regime_vrai/system/Model.php(253): CodeIgniter\Database\BaseBuilder->get()
#5 /home/user/Documents/GITHUB1/Regime_vrai/system/BaseModel.php(676): CodeIgniter\Model->doFindAll()
#6 /home/user/Documents/GITHUB1/Regime_vrai/app/Controllers/RegimeController.php(24): CodeIgniter\BaseModel->findAll()
#7 /home/user/Documents/GITHUB1/Regime_vrai/system/CodeIgniter.php(951): App\Controllers\RegimeController->go_to_regime()
#8 /home/user/Documents/GITHUB1/Regime_vrai/system/CodeIgniter.php(497): CodeIgniter\CodeIgniter->runController()
#9 /home/user/Documents/GITHUB1/Regime_vrai/system/CodeIgniter.php(340): CodeIgniter\CodeIgniter->handleRequest()
#10 /home/user/Documents/GITHUB1/Regime_vrai/system/Boot.php(417): CodeIgniter\CodeIgniter->run()
#11 /home/user/Documents/GITHUB1/Regime_vrai/system/Boot.php(68): CodeIgniter\Boot::runCodeIgniter()
#12 /home/user/Documents/GITHUB1/Regime_vrai/public/index.php(59): CodeIgniter\Boot::bootWeb()
#13 {main}

Next CodeIgniter\Database\Exceptions\DatabaseException: No such file or directory in /home/user/Documents/GITHUB1/Regime_vrai/system/Database/MySQLi/Connection.php:231
Stack trace:
#0 /home/user/Documents/GITHUB1/Regime_vrai/system/Database/BaseConnection.php(555): CodeIgniter\Database\MySQLi\Connection->connect()
#1 /home/user/Documents/GITHUB1/Regime_vrai/system/Database/BaseConnection.php(795): CodeIgniter\Database\BaseConnection->initialize()
#2 /home/user/Documents/GITHUB1/Regime_vrai/system/Database/BaseBuilder.php(1649): CodeIgniter\Database\BaseConnection->query()
#3 /home/user/Documents/GITHUB1/Regime_vrai/system/Model.php(253): CodeIgniter\Database\BaseBuilder->get()
#4 /home/user/Documents/GITHUB1/Regime_vrai/system/BaseModel.php(676): CodeIgniter\Model->doFindAll()
#5 /home/user/Documents/GITHUB1/Regime_vrai/app/Controllers/RegimeController.php(24): CodeIgniter\BaseModel->findAll()
#6 /home/user/Documents/GITHUB1/Regime_vrai/system/CodeIgniter.php(951): App\Controllers\RegimeController->go_to_regime()
#7 /home/user/Documents/GITHUB1/Regime_vrai/system/CodeIgniter.php(497): CodeIgniter\CodeIgniter->runController()
#8 /home/user/Documents/GITHUB1/Regime_vrai/system/CodeIgniter.php(340): CodeIgniter\CodeIgniter->handleRequest()
#9 /home/user/Documents/GITHUB1/Regime_vrai/system/Boot.php(417): CodeIgniter\CodeIgniter->run()
#10 /home/user/Documents/GITHUB1/Regime_vrai/system/Boot.php(68): CodeIgniter\Boot::runCodeIgniter()
#11 /home/user/Documents/GITHUB1/Regime_vrai/public/index.php(59): CodeIgniter\Boot::bootWeb()
#12 {main}
CRITICAL - 2026-05-08 15:49:52 --> CodeIgniter\Database\Exceptions\DatabaseException: Unable to connect to the database.
Main connection [MySQLi]: No such file or directory
[Method: GET, Route: Regime/go_to_regime]
in SYSTEMPATH/Database/BaseConnection.php on line 606.
 1 SYSTEMPATH/Database/BaseConnection.php(795): CodeIgniter\Database\BaseConnection->initialize()
 2 SYSTEMPATH/Database/BaseBuilder.php(1649): CodeIgniter\Database\BaseConnection->query()
 3 SYSTEMPATH/Model.php(253): CodeIgniter\Database\BaseBuilder->get()
 4 SYSTEMPATH/BaseModel.php(676): CodeIgniter\Model->doFindAll()
 5 APPPATH/Controllers/RegimeController.php(24): CodeIgniter\BaseModel->findAll()
 6 SYSTEMPATH/CodeIgniter.php(951): App\Controllers\RegimeController->go_to_regime()
 7 SYSTEMPATH/CodeIgniter.php(497): CodeIgniter\CodeIgniter->runController()
 8 SYSTEMPATH/CodeIgniter.php(340): CodeIgniter\CodeIgniter->handleRequest()
 9 SYSTEMPATH/Boot.php(417): CodeIgniter\CodeIgniter->run()
10 SYSTEMPATH/Boot.php(68): CodeIgniter\Boot::runCodeIgniter()
11 FCPATH/index.php(59): CodeIgniter\Boot::bootWeb()
ERROR - 2026-05-08 15:49:52 --> Error connecting to the database: mysqli_sql_exception: No such file or directory in /home/user/Documents/GITHUB1/Regime_vrai/system/Database/MySQLi/Connection.php:201
Stack trace:
#0 /home/user/Documents/GITHUB1/Regime_vrai/system/Database/MySQLi/Connection.php(201): mysqli->real_connect()
#1 /home/user/Documents/GITHUB1/Regime_vrai/system/Database/BaseConnection.php(555): CodeIgniter\Database\MySQLi\Connection->connect()
#2 /home/user/Documents/GITHUB1/Regime_vrai/system/Database/BaseConnection.php(795): CodeIgniter\Database\BaseConnection->initialize()
#3 /home/user/Documents/GITHUB1/Regime_vrai/system/Database/BaseBuilder.php(1649): CodeIgniter\Database\BaseConnection->query()
#4 /home/user/Documents/GITHUB1/Regime_vrai/system/Model.php(253): CodeIgniter\Database\BaseBuilder->get()
#5 /home/user/Documents/GITHUB1/Regime_vrai/system/BaseModel.php(676): CodeIgniter\Model->doFindAll()
#6 /home/user/Documents/GITHUB1/Regime_vrai/app/Controllers/RegimeController.php(24): CodeIgniter\BaseModel->findAll()
#7 /home/user/Documents/GITHUB1/Regime_vrai/system/CodeIgniter.php(951): App\Controllers\RegimeController->go_to_regime()
#8 /home/user/Documents/GITHUB1/Regime_vrai/system/CodeIgniter.php(497): CodeIgniter\CodeIgniter->runController()
#9 /home/user/Documents/GITHUB1/Regime_vrai/system/CodeIgniter.php(340): CodeIgniter\CodeIgniter->handleRequest()
#10 /home/user/Documents/GITHUB1/Regime_vrai/system/Boot.php(417): CodeIgniter\CodeIgniter->run()
#11 /home/user/Documents/GITHUB1/Regime_vrai/system/Boot.php(68): CodeIgniter\Boot::runCodeIgniter()
#12 /home/user/Documents/GITHUB1/Regime_vrai/public/index.php(59): CodeIgniter\Boot::bootWeb()
#13 {main}

Next CodeIgniter\Database\Exceptions\DatabaseException: No such file or directory in /home/user/Documents/GITHUB1/Regime_vrai/system/Database/MySQLi/Connection.php:231
Stack trace:
#0 /home/user/Documents/GITHUB1/Regime_vrai/system/Database/BaseConnection.php(555): CodeIgniter\Database\MySQLi\Connection->connect()
#1 /home/user/Documents/GITHUB1/Regime_vrai/system/Database/BaseConnection.php(795): CodeIgniter\Database\BaseConnection->initialize()
#2 /home/user/Documents/GITHUB1/Regime_vrai/system/Database/BaseBuilder.php(1649): CodeIgniter\Database\BaseConnection->query()
#3 /home/user/Documents/GITHUB1/Regime_vrai/system/Model.php(253): CodeIgniter\Database\BaseBuilder->get()
#4 /home/user/Documents/GITHUB1/Regime_vrai/system/BaseModel.php(676): CodeIgniter\Model->doFindAll()
#5 /home/user/Documents/GITHUB1/Regime_vrai/app/Controllers/RegimeController.php(24): CodeIgniter\BaseModel->findAll()
#6 /home/user/Documents/GITHUB1/Regime_vrai/system/CodeIgniter.php(951): App\Controllers\RegimeController->go_to_regime()
#7 /home/user/Documents/GITHUB1/Regime_vrai/system/CodeIgniter.php(497): CodeIgniter\CodeIgniter->runController()
#8 /home/user/Documents/GITHUB1/Regime_vrai/system/CodeIgniter.php(340): CodeIgniter\CodeIgniter->handleRequest()
#9 /home/user/Documents/GITHUB1/Regime_vrai/system/Boot.php(417): CodeIgniter\CodeIgniter->run()
#10 /home/user/Documents/GITHUB1/Regime_vrai/system/Boot.php(68): CodeIgniter\Boot::runCodeIgniter()
#11 /home/user/Documents/GITHUB1/Regime_vrai/public/index.php(59): CodeIgniter\Boot::bootWeb()
#12 {main}
CRITICAL - 2026-05-08 15:49:52 --> CodeIgniter\Database\Exceptions\DatabaseException: Unable to connect to the database.
Main connection [MySQLi]: No such file or directory
[Method: GET, Route: Regime/go_to_regime]
in SYSTEMPATH/Database/BaseConnection.php on line 606.
 1 SYSTEMPATH/Database/BaseConnection.php(795): CodeIgniter\Database\BaseConnection->initialize()
 2 SYSTEMPATH/Database/BaseBuilder.php(1649): CodeIgniter\Database\BaseConnection->query()
 3 SYSTEMPATH/Model.php(253): CodeIgniter\Database\BaseBuilder->get()
 4 SYSTEMPATH/BaseModel.php(676): CodeIgniter\Model->doFindAll()
 5 APPPATH/Controllers/RegimeController.php(24): CodeIgniter\BaseModel->findAll()
 6 SYSTEMPATH/CodeIgniter.php(951): App\Controllers\RegimeController->go_to_regime()
 7 SYSTEMPATH/CodeIgniter.php(497): CodeIgniter\CodeIgniter->runController()
 8 SYSTEMPATH/CodeIgniter.php(340): CodeIgniter\CodeIgniter->handleRequest()
 9 SYSTEMPATH/Boot.php(417): CodeIgniter\CodeIgniter->run()
10 SYSTEMPATH/Boot.php(68): CodeIgniter\Boot::runCodeIgniter()
11 FCPATH/index.php(59): CodeIgniter\Boot::bootWeb()
ERROR - 2026-05-08 15:49:52 --> Error connecting to the database: mysqli_sql_exception: No such file or directory in /home/user/Documents/GITHUB1/Regime_vrai/system/Database/MySQLi/Connection.php:201
Stack trace:
#0 /home/user/Documents/GITHUB1/Regime_vrai/system/Database/MySQLi/Connection.php(201): mysqli->real_connect()
#1 /home/user/Documents/GITHUB1/Regime_vrai/system/Database/BaseConnection.php(555): CodeIgniter\Database\MySQLi\Connection->connect()
#2 /home/user/Documents/GITHUB1/Regime_vrai/system/Database/BaseConnection.php(795): CodeIgniter\Database\BaseConnection->initialize()
#3 /home/user/Documents/GITHUB1/Regime_vrai/system/Database/BaseBuilder.php(1649): CodeIgniter\Database\BaseConnection->query()
#4 /home/user/Documents/GITHUB1/Regime_vrai/system/Model.php(253): CodeIgniter\Database\BaseBuilder->get()
#5 /home/user/Documents/GITHUB1/Regime_vrai/system/BaseModel.php(676): CodeIgniter\Model->doFindAll()
#6 /home/user/Documents/GITHUB1/Regime_vrai/app/Controllers/RegimeController.php(24): CodeIgniter\BaseModel->findAll()
#7 /home/user/Documents/GITHUB1/Regime_vrai/system/CodeIgniter.php(951): App\Controllers\RegimeController->go_to_regime()
#8 /home/user/Documents/GITHUB1/Regime_vrai/system/CodeIgniter.php(497): CodeIgniter\CodeIgniter->runController()
#9 /home/user/Documents/GITHUB1/Regime_vrai/system/CodeIgniter.php(340): CodeIgniter\CodeIgniter->handleRequest()
#10 /home/user/Documents/GITHUB1/Regime_vrai/system/Boot.php(417): CodeIgniter\CodeIgniter->run()
#11 /home/user/Documents/GITHUB1/Regime_vrai/system/Boot.php(68): CodeIgniter\Boot::runCodeIgniter()
#12 /home/user/Documents/GITHUB1/Regime_vrai/public/index.php(59): CodeIgniter\Boot::bootWeb()
#13 {main}

Next CodeIgniter\Database\Exceptions\DatabaseException: No such file or directory in /home/user/Documents/GITHUB1/Regime_vrai/system/Database/MySQLi/Connection.php:231
Stack trace:
#0 /home/user/Documents/GITHUB1/Regime_vrai/system/Database/BaseConnection.php(555): CodeIgniter\Database\MySQLi\Connection->connect()
#1 /home/user/Documents/GITHUB1/Regime_vrai/system/Database/BaseConnection.php(795): CodeIgniter\Database\BaseConnection->initialize()
#2 /home/user/Documents/GITHUB1/Regime_vrai/system/Database/BaseBuilder.php(1649): CodeIgniter\Database\BaseConnection->query()
#3 /home/user/Documents/GITHUB1/Regime_vrai/system/Model.php(253): CodeIgniter\Database\BaseBuilder->get()
#4 /home/user/Documents/GITHUB1/Regime_vrai/system/BaseModel.php(676): CodeIgniter\Model->doFindAll()
#5 /home/user/Documents/GITHUB1/Regime_vrai/app/Controllers/RegimeController.php(24): CodeIgniter\BaseModel->findAll()
#6 /home/user/Documents/GITHUB1/Regime_vrai/system/CodeIgniter.php(951): App\Controllers\RegimeController->go_to_regime()
#7 /home/user/Documents/GITHUB1/Regime_vrai/system/CodeIgniter.php(497): CodeIgniter\CodeIgniter->runController()
#8 /home/user/Documents/GITHUB1/Regime_vrai/system/CodeIgniter.php(340): CodeIgniter\CodeIgniter->handleRequest()
#9 /home/user/Documents/GITHUB1/Regime_vrai/system/Boot.php(417): CodeIgniter\CodeIgniter->run()
#10 /home/user/Documents/GITHUB1/Regime_vrai/system/Boot.php(68): CodeIgniter\Boot::runCodeIgniter()
#11 /home/user/Documents/GITHUB1/Regime_vrai/public/index.php(59): CodeIgniter\Boot::bootWeb()
#12 {main}
CRITICAL - 2026-05-08 15:49:52 --> CodeIgniter\Database\Exceptions\DatabaseException: Unable to connect to the database.
Main connection [MySQLi]: No such file or directory
[Method: GET, Route: Regime/go_to_regime]
in SYSTEMPATH/Database/BaseConnection.php on line 606.
 1 SYSTEMPATH/Database/BaseConnection.php(795): CodeIgniter\Database\BaseConnection->initialize()
 2 SYSTEMPATH/Database/BaseBuilder.php(1649): CodeIgniter\Database\BaseConnection->query()
 3 SYSTEMPATH/Model.php(253): CodeIgniter\Database\BaseBuilder->get()
 4 SYSTEMPATH/BaseModel.php(676): CodeIgniter\Model->doFindAll()
 5 APPPATH/Controllers/RegimeController.php(24): CodeIgniter\BaseModel->findAll()
 6 SYSTEMPATH/CodeIgniter.php(951): App\Controllers\RegimeController->go_to_regime()
 7 SYSTEMPATH/CodeIgniter.php(497): CodeIgniter\CodeIgniter->runController()
 8 SYSTEMPATH/CodeIgniter.php(340): CodeIgniter\CodeIgniter->handleRequest()
 9 SYSTEMPATH/Boot.php(417): CodeIgniter\CodeIgniter->run()
10 SYSTEMPATH/Boot.php(68): CodeIgniter\Boot::runCodeIgniter()
11 FCPATH/index.php(59): CodeIgniter\Boot::bootWeb()
ERROR - 2026-05-08 15:49:52 --> Error connecting to the database: mysqli_sql_exception: No such file or directory in /home/user/Documents/GITHUB1/Regime_vrai/system/Database/MySQLi/Connection.php:201
Stack trace:
#0 /home/user/Documents/GITHUB1/Regime_vrai/system/Database/MySQLi/Connection.php(201): mysqli->real_connect()
#1 /home/user/Documents/GITHUB1/Regime_vrai/system/Database/BaseConnection.php(555): CodeIgniter\Database\MySQLi\Connection->connect()
#2 /home/user/Documents/GITHUB1/Regime_vrai/system/Database/BaseConnection.php(795): CodeIgniter\Database\BaseConnection->initialize()
#3 /home/user/Documents/GITHUB1/Regime_vrai/system/Database/BaseBuilder.php(1649): CodeIgniter\Database\BaseConnection->query()
#4 /home/user/Documents/GITHUB1/Regime_vrai/system/Model.php(253): CodeIgniter\Database\BaseBuilder->get()
#5 /home/user/Documents/GITHUB1/Regime_vrai/system/BaseModel.php(676): CodeIgniter\Model->doFindAll()
#6 /home/user/Documents/GITHUB1/Regime_vrai/app/Controllers/RegimeController.php(24): CodeIgniter\BaseModel->findAll()
#7 /home/user/Documents/GITHUB1/Regime_vrai/system/CodeIgniter.php(951): App\Controllers\RegimeController->go_to_regime()
#8 /home/user/Documents/GITHUB1/Regime_vrai/system/CodeIgniter.php(497): CodeIgniter\CodeIgniter->runController()
#9 /home/user/Documents/GITHUB1/Regime_vrai/system/CodeIgniter.php(340): CodeIgniter\CodeIgniter->handleRequest()
#10 /home/user/Documents/GITHUB1/Regime_vrai/system/Boot.php(417): CodeIgniter\CodeIgniter->run()
#11 /home/user/Documents/GITHUB1/Regime_vrai/system/Boot.php(68): CodeIgniter\Boot::runCodeIgniter()
#12 /home/user/Documents/GITHUB1/Regime_vrai/public/index.php(59): CodeIgniter\Boot::bootWeb()
#13 {main}

Next CodeIgniter\Database\Exceptions\DatabaseException: No such file or directory in /home/user/Documents/GITHUB1/Regime_vrai/system/Database/MySQLi/Connection.php:231
Stack trace:
#0 /home/user/Documents/GITHUB1/Regime_vrai/system/Database/BaseConnection.php(555): CodeIgniter\Database\MySQLi\Connection->connect()
#1 /home/user/Documents/GITHUB1/Regime_vrai/system/Database/BaseConnection.php(795): CodeIgniter\Database\BaseConnection->initialize()
#2 /home/user/Documents/GITHUB1/Regime_vrai/system/Database/BaseBuilder.php(1649): CodeIgniter\Database\BaseConnection->query()
#3 /home/user/Documents/GITHUB1/Regime_vrai/system/Model.php(253): CodeIgniter\Database\BaseBuilder->get()
#4 /home/user/Documents/GITHUB1/Regime_vrai/system/BaseModel.php(676): CodeIgniter\Model->doFindAll()
#5 /home/user/Documents/GITHUB1/Regime_vrai/app/Controllers/RegimeController.php(24): CodeIgniter\BaseModel->findAll()
#6 /home/user/Documents/GITHUB1/Regime_vrai/system/CodeIgniter.php(951): App\Controllers\RegimeController->go_to_regime()
#7 /home/user/Documents/GITHUB1/Regime_vrai/system/CodeIgniter.php(497): CodeIgniter\CodeIgniter->runController()
#8 /home/user/Documents/GITHUB1/Regime_vrai/system/CodeIgniter.php(340): CodeIgniter\CodeIgniter->handleRequest()
#9 /home/user/Documents/GITHUB1/Regime_vrai/system/Boot.php(417): CodeIgniter\CodeIgniter->run()
#10 /home/user/Documents/GITHUB1/Regime_vrai/system/Boot.php(68): CodeIgniter\Boot::runCodeIgniter()
#11 /home/user/Documents/GITHUB1/Regime_vrai/public/index.php(59): CodeIgniter\Boot::bootWeb()
#12 {main}
CRITICAL - 2026-05-08 15:49:52 --> CodeIgniter\Database\Exceptions\DatabaseException: Unable to connect to the database.
Main connection [MySQLi]: No such file or directory
[Method: GET, Route: Regime/go_to_regime]
in SYSTEMPATH/Database/BaseConnection.php on line 606.
 1 SYSTEMPATH/Database/BaseConnection.php(795): CodeIgniter\Database\BaseConnection->initialize()
 2 SYSTEMPATH/Database/BaseBuilder.php(1649): CodeIgniter\Database\BaseConnection->query()
 3 SYSTEMPATH/Model.php(253): CodeIgniter\Database\BaseBuilder->get()
 4 SYSTEMPATH/BaseModel.php(676): CodeIgniter\Model->doFindAll()
 5 APPPATH/Controllers/RegimeController.php(24): CodeIgniter\BaseModel->findAll()
 6 SYSTEMPATH/CodeIgniter.php(951): App\Controllers\RegimeController->go_to_regime()
 7 SYSTEMPATH/CodeIgniter.php(497): CodeIgniter\CodeIgniter->runController()
 8 SYSTEMPATH/CodeIgniter.php(340): CodeIgniter\CodeIgniter->handleRequest()
 9 SYSTEMPATH/Boot.php(417): CodeIgniter\CodeIgniter->run()
10 SYSTEMPATH/Boot.php(68): CodeIgniter\Boot::runCodeIgniter()
11 FCPATH/index.php(59): CodeIgniter\Boot::bootWeb()
ERROR - 2026-05-08 15:49:52 --> Error connecting to the database: mysqli_sql_exception: No such file or directory in /home/user/Documents/GITHUB1/Regime_vrai/system/Database/MySQLi/Connection.php:201
Stack trace:
#0 /home/user/Documents/GITHUB1/Regime_vrai/system/Database/MySQLi/Connection.php(201): mysqli->real_connect()
#1 /home/user/Documents/GITHUB1/Regime_vrai/system/Database/BaseConnection.php(555): CodeIgniter\Database\MySQLi\Connection->connect()
#2 /home/user/Documents/GITHUB1/Regime_vrai/system/Database/BaseConnection.php(795): CodeIgniter\Database\BaseConnection->initialize()
#3 /home/user/Documents/GITHUB1/Regime_vrai/system/Database/BaseBuilder.php(1649): CodeIgniter\Database\BaseConnection->query()
#4 /home/user/Documents/GITHUB1/Regime_vrai/system/Model.php(253): CodeIgniter\Database\BaseBuilder->get()
#5 /home/user/Documents/GITHUB1/Regime_vrai/system/BaseModel.php(676): CodeIgniter\Model->doFindAll()
#6 /home/user/Documents/GITHUB1/Regime_vrai/app/Controllers/RegimeController.php(24): CodeIgniter\BaseModel->findAll()
#7 /home/user/Documents/GITHUB1/Regime_vrai/system/CodeIgniter.php(951): App\Controllers\RegimeController->go_to_regime()
#8 /home/user/Documents/GITHUB1/Regime_vrai/system/CodeIgniter.php(497): CodeIgniter\CodeIgniter->runController()
#9 /home/user/Documents/GITHUB1/Regime_vrai/system/CodeIgniter.php(340): CodeIgniter\CodeIgniter->handleRequest()
#10 /home/user/Documents/GITHUB1/Regime_vrai/system/Boot.php(417): CodeIgniter\CodeIgniter->run()
#11 /home/user/Documents/GITHUB1/Regime_vrai/system/Boot.php(68): CodeIgniter\Boot::runCodeIgniter()
#12 /home/user/Documents/GITHUB1/Regime_vrai/public/index.php(59): CodeIgniter\Boot::bootWeb()
#13 {main}

Next CodeIgniter\Database\Exceptions\DatabaseException: No such file or directory in /home/user/Documents/GITHUB1/Regime_vrai/system/Database/MySQLi/Connection.php:231
Stack trace:
#0 /home/user/Documents/GITHUB1/Regime_vrai/system/Database/BaseConnection.php(555): CodeIgniter\Database\MySQLi\Connection->connect()
#1 /home/user/Documents/GITHUB1/Regime_vrai/system/Database/BaseConnection.php(795): CodeIgniter\Database\BaseConnection->initialize()
#2 /home/user/Documents/GITHUB1/Regime_vrai/system/Database/BaseBuilder.php(1649): CodeIgniter\Database\BaseConnection->query()
#3 /home/user/Documents/GITHUB1/Regime_vrai/system/Model.php(253): CodeIgniter\Database\BaseBuilder->get()
#4 /home/user/Documents/GITHUB1/Regime_vrai/system/BaseModel.php(676): CodeIgniter\Model->doFindAll()
#5 /home/user/Documents/GITHUB1/Regime_vrai/app/Controllers/RegimeController.php(24): CodeIgniter\BaseModel->findAll()
#6 /home/user/Documents/GITHUB1/Regime_vrai/system/CodeIgniter.php(951): App\Controllers\RegimeController->go_to_regime()
#7 /home/user/Documents/GITHUB1/Regime_vrai/system/CodeIgniter.php(497): CodeIgniter\CodeIgniter->runController()
#8 /home/user/Documents/GITHUB1/Regime_vrai/system/CodeIgniter.php(340): CodeIgniter\CodeIgniter->handleRequest()
#9 /home/user/Documents/GITHUB1/Regime_vrai/system/Boot.php(417): CodeIgniter\CodeIgniter->run()
#10 /home/user/Documents/GITHUB1/Regime_vrai/system/Boot.php(68): CodeIgniter\Boot::runCodeIgniter()
#11 /home/user/Documents/GITHUB1/Regime_vrai/public/index.php(59): CodeIgniter\Boot::bootWeb()
#12 {main}
CRITICAL - 2026-05-08 15:49:52 --> CodeIgniter\Database\Exceptions\DatabaseException: Unable to connect to the database.
Main connection [MySQLi]: No such file or directory
[Method: GET, Route: Regime/go_to_regime]
in SYSTEMPATH/Database/BaseConnection.php on line 606.
 1 SYSTEMPATH/Database/BaseConnection.php(795): CodeIgniter\Database\BaseConnection->initialize()
 2 SYSTEMPATH/Database/BaseBuilder.php(1649): CodeIgniter\Database\BaseConnection->query()
 3 SYSTEMPATH/Model.php(253): CodeIgniter\Database\BaseBuilder->get()
 4 SYSTEMPATH/BaseModel.php(676): CodeIgniter\Model->doFindAll()
 5 APPPATH/Controllers/RegimeController.php(24): CodeIgniter\BaseModel->findAll()
 6 SYSTEMPATH/CodeIgniter.php(951): App\Controllers\RegimeController->go_to_regime()
 7 SYSTEMPATH/CodeIgniter.php(497): CodeIgniter\CodeIgniter->runController()
 8 SYSTEMPATH/CodeIgniter.php(340): CodeIgniter\CodeIgniter->handleRequest()
 9 SYSTEMPATH/Boot.php(417): CodeIgniter\CodeIgniter->run()
10 SYSTEMPATH/Boot.php(68): CodeIgniter\Boot::runCodeIgniter()
11 FCPATH/index.php(59): CodeIgniter\Boot::bootWeb()
ERROR - 2026-05-08 15:49:52 --> Error connecting to the database: mysqli_sql_exception: No such file or directory in /home/user/Documents/GITHUB1/Regime_vrai/system/Database/MySQLi/Connection.php:201
Stack trace:
#0 /home/user/Documents/GITHUB1/Regime_vrai/system/Database/MySQLi/Connection.php(201): mysqli->real_connect()
#1 /home/user/Documents/GITHUB1/Regime_vrai/system/Database/BaseConnection.php(555): CodeIgniter\Database\MySQLi\Connection->connect()
#2 /home/user/Documents/GITHUB1/Regime_vrai/system/Database/BaseConnection.php(795): CodeIgniter\Database\BaseConnection->initialize()
#3 /home/user/Documents/GITHUB1/Regime_vrai/system/Database/BaseBuilder.php(1649): CodeIgniter\Database\BaseConnection->query()
#4 /home/user/Documents/GITHUB1/Regime_vrai/system/Model.php(253): CodeIgniter\Database\BaseBuilder->get()
#5 /home/user/Documents/GITHUB1/Regime_vrai/system/BaseModel.php(676): CodeIgniter\Model->doFindAll()
#6 /home/user/Documents/GITHUB1/Regime_vrai/app/Controllers/RegimeController.php(24): CodeIgniter\BaseModel->findAll()
#7 /home/user/Documents/GITHUB1/Regime_vrai/system/CodeIgniter.php(951): App\Controllers\RegimeController->go_to_regime()
#8 /home/user/Documents/GITHUB1/Regime_vrai/system/CodeIgniter.php(497): CodeIgniter\CodeIgniter->runController()
#9 /home/user/Documents/GITHUB1/Regime_vrai/system/CodeIgniter.php(340): CodeIgniter\CodeIgniter->handleRequest()
#10 /home/user/Documents/GITHUB1/Regime_vrai/system/Boot.php(417): CodeIgniter\CodeIgniter->run()
#11 /home/user/Documents/GITHUB1/Regime_vrai/system/Boot.php(68): CodeIgniter\Boot::runCodeIgniter()
#12 /home/user/Documents/GITHUB1/Regime_vrai/public/index.php(59): CodeIgniter\Boot::bootWeb()
#13 {main}

Next CodeIgniter\Database\Exceptions\DatabaseException: No such file or directory in /home/user/Documents/GITHUB1/Regime_vrai/system/Database/MySQLi/Connection.php:231
Stack trace:
#0 /home/user/Documents/GITHUB1/Regime_vrai/system/Database/BaseConnection.php(555): CodeIgniter\Database\MySQLi\Connection->connect()
#1 /home/user/Documents/GITHUB1/Regime_vrai/system/Database/BaseConnection.php(795): CodeIgniter\Database\BaseConnection->initialize()
#2 /home/user/Documents/GITHUB1/Regime_vrai/system/Database/BaseBuilder.php(1649): CodeIgniter\Database\BaseConnection->query()
#3 /home/user/Documents/GITHUB1/Regime_vrai/system/Model.php(253): CodeIgniter\Database\BaseBuilder->get()
#4 /home/user/Documents/GITHUB1/Regime_vrai/system/BaseModel.php(676): CodeIgniter\Model->doFindAll()
#5 /home/user/Documents/GITHUB1/Regime_vrai/app/Controllers/RegimeController.php(24): CodeIgniter\BaseModel->findAll()
#6 /home/user/Documents/GITHUB1/Regime_vrai/system/CodeIgniter.php(951): App\Controllers\RegimeController->go_to_regime()
#7 /home/user/Documents/GITHUB1/Regime_vrai/system/CodeIgniter.php(497): CodeIgniter\CodeIgniter->runController()
#8 /home/user/Documents/GITHUB1/Regime_vrai/system/CodeIgniter.php(340): CodeIgniter\CodeIgniter->handleRequest()
#9 /home/user/Documents/GITHUB1/Regime_vrai/system/Boot.php(417): CodeIgniter\CodeIgniter->run()
#10 /home/user/Documents/GITHUB1/Regime_vrai/system/Boot.php(68): CodeIgniter\Boot::runCodeIgniter()
#11 /home/user/Documents/GITHUB1/Regime_vrai/public/index.php(59): CodeIgniter\Boot::bootWeb()
#12 {main}
CRITICAL - 2026-05-08 15:49:52 --> CodeIgniter\Database\Exceptions\DatabaseException: Unable to connect to the database.
Main connection [MySQLi]: No such file or directory
[Method: GET, Route: Regime/go_to_regime]
in SYSTEMPATH/Database/BaseConnection.php on line 606.
 1 SYSTEMPATH/Database/BaseConnection.php(795): CodeIgniter\Database\BaseConnection->initialize()
 2 SYSTEMPATH/Database/BaseBuilder.php(1649): CodeIgniter\Database\BaseConnection->query()
 3 SYSTEMPATH/Model.php(253): CodeIgniter\Database\BaseBuilder->get()
 4 SYSTEMPATH/BaseModel.php(676): CodeIgniter\Model->doFindAll()
 5 APPPATH/Controllers/RegimeController.php(24): CodeIgniter\BaseModel->findAll()
 6 SYSTEMPATH/CodeIgniter.php(951): App\Controllers\RegimeController->go_to_regime()
 7 SYSTEMPATH/CodeIgniter.php(497): CodeIgniter\CodeIgniter->runController()
 8 SYSTEMPATH/CodeIgniter.php(340): CodeIgniter\CodeIgniter->handleRequest()
 9 SYSTEMPATH/Boot.php(417): CodeIgniter\CodeIgniter->run()
10 SYSTEMPATH/Boot.php(68): CodeIgniter\Boot::runCodeIgniter()
11 FCPATH/index.php(59): CodeIgniter\Boot::bootWeb()
ERROR - 2026-05-08 15:49:52 --> Error connecting to the database: mysqli_sql_exception: No such file or directory in /home/user/Documents/GITHUB1/Regime_vrai/system/Database/MySQLi/Connection.php:201
Stack trace:
#0 /home/user/Documents/GITHUB1/Regime_vrai/system/Database/MySQLi/Connection.php(201): mysqli->real_connect()
#1 /home/user/Documents/GITHUB1/Regime_vrai/system/Database/BaseConnection.php(555): CodeIgniter\Database\MySQLi\Connection->connect()
#2 /home/user/Documents/GITHUB1/Regime_vrai/system/Database/BaseConnection.php(795): CodeIgniter\Database\BaseConnection->initialize()
#3 /home/user/Documents/GITHUB1/Regime_vrai/system/Database/BaseBuilder.php(1649): CodeIgniter\Database\BaseConnection->query()
#4 /home/user/Documents/GITHUB1/Regime_vrai/system/Model.php(253): CodeIgniter\Database\BaseBuilder->get()
#5 /home/user/Documents/GITHUB1/Regime_vrai/system/BaseModel.php(676): CodeIgniter\Model->doFindAll()
#6 /home/user/Documents/GITHUB1/Regime_vrai/app/Controllers/RegimeController.php(24): CodeIgniter\BaseModel->findAll()
#7 /home/user/Documents/GITHUB1/Regime_vrai/system/CodeIgniter.php(951): App\Controllers\RegimeController->go_to_regime()
#8 /home/user/Documents/GITHUB1/Regime_vrai/system/CodeIgniter.php(497): CodeIgniter\CodeIgniter->runController()
#9 /home/user/Documents/GITHUB1/Regime_vrai/system/CodeIgniter.php(340): CodeIgniter\CodeIgniter->handleRequest()
#10 /home/user/Documents/GITHUB1/Regime_vrai/system/Boot.php(417): CodeIgniter\CodeIgniter->run()
#11 /home/user/Documents/GITHUB1/Regime_vrai/system/Boot.php(68): CodeIgniter\Boot::runCodeIgniter()
#12 /home/user/Documents/GITHUB1/Regime_vrai/public/index.php(59): CodeIgniter\Boot::bootWeb()
#13 {main}

Next CodeIgniter\Database\Exceptions\DatabaseException: No such file or directory in /home/user/Documents/GITHUB1/Regime_vrai/system/Database/MySQLi/Connection.php:231
Stack trace:
#0 /home/user/Documents/GITHUB1/Regime_vrai/system/Database/BaseConnection.php(555): CodeIgniter\Database\MySQLi\Connection->connect()
#1 /home/user/Documents/GITHUB1/Regime_vrai/system/Database/BaseConnection.php(795): CodeIgniter\Database\BaseConnection->initialize()
#2 /home/user/Documents/GITHUB1/Regime_vrai/system/Database/BaseBuilder.php(1649): CodeIgniter\Database\BaseConnection->query()
#3 /home/user/Documents/GITHUB1/Regime_vrai/system/Model.php(253): CodeIgniter\Database\BaseBuilder->get()
#4 /home/user/Documents/GITHUB1/Regime_vrai/system/BaseModel.php(676): CodeIgniter\Model->doFindAll()
#5 /home/user/Documents/GITHUB1/Regime_vrai/app/Controllers/RegimeController.php(24): CodeIgniter\BaseModel->findAll()
#6 /home/user/Documents/GITHUB1/Regime_vrai/system/CodeIgniter.php(951): App\Controllers\RegimeController->go_to_regime()
#7 /home/user/Documents/GITHUB1/Regime_vrai/system/CodeIgniter.php(497): CodeIgniter\CodeIgniter->runController()
#8 /home/user/Documents/GITHUB1/Regime_vrai/system/CodeIgniter.php(340): CodeIgniter\CodeIgniter->handleRequest()
#9 /home/user/Documents/GITHUB1/Regime_vrai/system/Boot.php(417): CodeIgniter\CodeIgniter->run()
#10 /home/user/Documents/GITHUB1/Regime_vrai/system/Boot.php(68): CodeIgniter\Boot::runCodeIgniter()
#11 /home/user/Documents/GITHUB1/Regime_vrai/public/index.php(59): CodeIgniter\Boot::bootWeb()
#12 {main}
CRITICAL - 2026-05-08 15:49:52 --> CodeIgniter\Database\Exceptions\DatabaseException: Unable to connect to the database.
Main connection [MySQLi]: No such file or directory
[Method: GET, Route: Regime/go_to_regime]
in SYSTEMPATH/Database/BaseConnection.php on line 606.
 1 SYSTEMPATH/Database/BaseConnection.php(795): CodeIgniter\Database\BaseConnection->initialize()
 2 SYSTEMPATH/Database/BaseBuilder.php(1649): CodeIgniter\Database\BaseConnection->query()
 3 SYSTEMPATH/Model.php(253): CodeIgniter\Database\BaseBuilder->get()
 4 SYSTEMPATH/BaseModel.php(676): CodeIgniter\Model->doFindAll()
 5 APPPATH/Controllers/RegimeController.php(24): CodeIgniter\BaseModel->findAll()
 6 SYSTEMPATH/CodeIgniter.php(951): App\Controllers\RegimeController->go_to_regime()
 7 SYSTEMPATH/CodeIgniter.php(497): CodeIgniter\CodeIgniter->runController()
 8 SYSTEMPATH/CodeIgniter.php(340): CodeIgniter\CodeIgniter->handleRequest()
 9 SYSTEMPATH/Boot.php(417): CodeIgniter\CodeIgniter->run()
10 SYSTEMPATH/Boot.php(68): CodeIgniter\Boot::runCodeIgniter()
11 FCPATH/index.php(59): CodeIgniter\Boot::bootWeb()
ERROR - 2026-05-08 15:49:52 --> Error connecting to the database: mysqli_sql_exception: No such file or directory in /home/user/Documents/GITHUB1/Regime_vrai/system/Database/MySQLi/Connection.php:201
Stack trace:
#0 /home/user/Documents/GITHUB1/Regime_vrai/system/Database/MySQLi/Connection.php(201): mysqli->real_connect()
#1 /home/user/Documents/GITHUB1/Regime_vrai/system/Database/BaseConnection.php(555): CodeIgniter\Database\MySQLi\Connection->connect()
#2 /home/user/Documents/GITHUB1/Regime_vrai/system/Database/BaseConnection.php(795): CodeIgniter\Database\BaseConnection->initialize()
#3 /home/user/Documents/GITHUB1/Regime_vrai/system/Database/BaseBuilder.php(1649): CodeIgniter\Database\BaseConnection->query()
#4 /home/user/Documents/GITHUB1/Regime_vrai/system/Model.php(253): CodeIgniter\Database\BaseBuilder->get()
#5 /home/user/Documents/GITHUB1/Regime_vrai/system/BaseModel.php(676): CodeIgniter\Model->doFindAll()
#6 /home/user/Documents/GITHUB1/Regime_vrai/app/Controllers/RegimeController.php(24): CodeIgniter\BaseModel->findAll()
#7 /home/user/Documents/GITHUB1/Regime_vrai/system/CodeIgniter.php(951): App\Controllers\RegimeController->go_to_regime()
#8 /home/user/Documents/GITHUB1/Regime_vrai/system/CodeIgniter.php(497): CodeIgniter\CodeIgniter->runController()
#9 /home/user/Documents/GITHUB1/Regime_vrai/system/CodeIgniter.php(340): CodeIgniter\CodeIgniter->handleRequest()
#10 /home/user/Documents/GITHUB1/Regime_vrai/system/Boot.php(417): CodeIgniter\CodeIgniter->run()
#11 /home/user/Documents/GITHUB1/Regime_vrai/system/Boot.php(68): CodeIgniter\Boot::runCodeIgniter()
#12 /home/user/Documents/GITHUB1/Regime_vrai/public/index.php(59): CodeIgniter\Boot::bootWeb()
#13 {main}

Next CodeIgniter\Database\Exceptions\DatabaseException: No such file or directory in /home/user/Documents/GITHUB1/Regime_vrai/system/Database/MySQLi/Connection.php:231
Stack trace:
#0 /home/user/Documents/GITHUB1/Regime_vrai/system/Database/BaseConnection.php(555): CodeIgniter\Database\MySQLi\Connection->connect()
#1 /home/user/Documents/GITHUB1/Regime_vrai/system/Database/BaseConnection.php(795): CodeIgniter\Database\BaseConnection->initialize()
#2 /home/user/Documents/GITHUB1/Regime_vrai/system/Database/BaseBuilder.php(1649): CodeIgniter\Database\BaseConnection->query()
#3 /home/user/Documents/GITHUB1/Regime_vrai/system/Model.php(253): CodeIgniter\Database\BaseBuilder->get()
#4 /home/user/Documents/GITHUB1/Regime_vrai/system/BaseModel.php(676): CodeIgniter\Model->doFindAll()
#5 /home/user/Documents/GITHUB1/Regime_vrai/app/Controllers/RegimeController.php(24): CodeIgniter\BaseModel->findAll()
#6 /home/user/Documents/GITHUB1/Regime_vrai/system/CodeIgniter.php(951): App\Controllers\RegimeController->go_to_regime()
#7 /home/user/Documents/GITHUB1/Regime_vrai/system/CodeIgniter.php(497): CodeIgniter\CodeIgniter->runController()
#8 /home/user/Documents/GITHUB1/Regime_vrai/system/CodeIgniter.php(340): CodeIgniter\CodeIgniter->handleRequest()
#9 /home/user/Documents/GITHUB1/Regime_vrai/system/Boot.php(417): CodeIgniter\CodeIgniter->run()
#10 /home/user/Documents/GITHUB1/Regime_vrai/system/Boot.php(68): CodeIgniter\Boot::runCodeIgniter()
#11 /home/user/Documents/GITHUB1/Regime_vrai/public/index.php(59): CodeIgniter\Boot::bootWeb()
#12 {main}
CRITICAL - 2026-05-08 15:49:52 --> CodeIgniter\Database\Exceptions\DatabaseException: Unable to connect to the database.
Main connection [MySQLi]: No such file or directory
[Method: GET, Route: Regime/go_to_regime]
in SYSTEMPATH/Database/BaseConnection.php on line 606.
 1 SYSTEMPATH/Database/BaseConnection.php(795): CodeIgniter\Database\BaseConnection->initialize()
 2 SYSTEMPATH/Database/BaseBuilder.php(1649): CodeIgniter\Database\BaseConnection->query()
 3 SYSTEMPATH/Model.php(253): CodeIgniter\Database\BaseBuilder->get()
 4 SYSTEMPATH/BaseModel.php(676): CodeIgniter\Model->doFindAll()
 5 APPPATH/Controllers/RegimeController.php(24): CodeIgniter\BaseModel->findAll()
 6 SYSTEMPATH/CodeIgniter.php(951): App\Controllers\RegimeController->go_to_regime()
 7 SYSTEMPATH/CodeIgniter.php(497): CodeIgniter\CodeIgniter->runController()
 8 SYSTEMPATH/CodeIgniter.php(340): CodeIgniter\CodeIgniter->handleRequest()
 9 SYSTEMPATH/Boot.php(417): CodeIgniter\CodeIgniter->run()
10 SYSTEMPATH/Boot.php(68): CodeIgniter\Boot::runCodeIgniter()
11 FCPATH/index.php(59): CodeIgniter\Boot::bootWeb()
ERROR - 2026-05-08 15:50:07 --> Error connecting to the database: mysqli_sql_exception: Access denied for user 'php'@'localhost' (using password: YES) in /home/user/Documents/GITHUB1/Regime_vrai/system/Database/MySQLi/Connection.php:201
Stack trace:
#0 /home/user/Documents/GITHUB1/Regime_vrai/system/Database/MySQLi/Connection.php(201): mysqli->real_connect()
#1 /home/user/Documents/GITHUB1/Regime_vrai/system/Database/BaseConnection.php(555): CodeIgniter\Database\MySQLi\Connection->connect()
#2 /home/user/Documents/GITHUB1/Regime_vrai/system/Database/BaseConnection.php(795): CodeIgniter\Database\BaseConnection->initialize()
#3 /home/user/Documents/GITHUB1/Regime_vrai/system/Database/BaseBuilder.php(1649): CodeIgniter\Database\BaseConnection->query()
#4 /home/user/Documents/GITHUB1/Regime_vrai/system/Model.php(253): CodeIgniter\Database\BaseBuilder->get()
#5 /home/user/Documents/GITHUB1/Regime_vrai/system/BaseModel.php(676): CodeIgniter\Model->doFindAll()
#6 /home/user/Documents/GITHUB1/Regime_vrai/app/Controllers/RegimeController.php(24): CodeIgniter\BaseModel->findAll()
#7 /home/user/Documents/GITHUB1/Regime_vrai/system/CodeIgniter.php(951): App\Controllers\RegimeController->go_to_regime()
#8 /home/user/Documents/GITHUB1/Regime_vrai/system/CodeIgniter.php(497): CodeIgniter\CodeIgniter->runController()
#9 /home/user/Documents/GITHUB1/Regime_vrai/system/CodeIgniter.php(340): CodeIgniter\CodeIgniter->handleRequest()
#10 /home/user/Documents/GITHUB1/Regime_vrai/system/Boot.php(417): CodeIgniter\CodeIgniter->run()
#11 /home/user/Documents/GITHUB1/Regime_vrai/system/Boot.php(68): CodeIgniter\Boot::runCodeIgniter()
#12 /home/user/Documents/GITHUB1/Regime_vrai/public/index.php(59): CodeIgniter\Boot::bootWeb()
#13 {main}

Next CodeIgniter\Database\Exceptions\DatabaseException: Access denied for user '****'@'localhost' (using password: YES) in /home/user/Documents/GITHUB1/Regime_vrai/system/Database/MySQLi/Connection.php:231
Stack trace:
#0 /home/user/Documents/GITHUB1/Regime_vrai/system/Database/BaseConnection.php(555): CodeIgniter\Database\MySQLi\Connection->connect()
#1 /home/user/Documents/GITHUB1/Regime_vrai/system/Database/BaseConnection.php(795): CodeIgniter\Database\BaseConnection->initialize()
#2 /home/user/Documents/GITHUB1/Regime_vrai/system/Database/BaseBuilder.php(1649): CodeIgniter\Database\BaseConnection->query()
#3 /home/user/Documents/GITHUB1/Regime_vrai/system/Model.php(253): CodeIgniter\Database\BaseBuilder->get()
#4 /home/user/Documents/GITHUB1/Regime_vrai/system/BaseModel.php(676): CodeIgniter\Model->doFindAll()
#5 /home/user/Documents/GITHUB1/Regime_vrai/app/Controllers/RegimeController.php(24): CodeIgniter\BaseModel->findAll()
#6 /home/user/Documents/GITHUB1/Regime_vrai/system/CodeIgniter.php(951): App\Controllers\RegimeController->go_to_regime()
#7 /home/user/Documents/GITHUB1/Regime_vrai/system/CodeIgniter.php(497): CodeIgniter\CodeIgniter->runController()
#8 /home/user/Documents/GITHUB1/Regime_vrai/system/CodeIgniter.php(340): CodeIgniter\CodeIgniter->handleRequest()
#9 /home/user/Documents/GITHUB1/Regime_vrai/system/Boot.php(417): CodeIgniter\CodeIgniter->run()
#10 /home/user/Documents/GITHUB1/Regime_vrai/system/Boot.php(68): CodeIgniter\Boot::runCodeIgniter()
#11 /home/user/Documents/GITHUB1/Regime_vrai/public/index.php(59): CodeIgniter\Boot::bootWeb()
#12 {main}
CRITICAL - 2026-05-08 15:50:07 --> CodeIgniter\Database\Exceptions\DatabaseException: Unable to connect to the database.
Main connection [MySQLi]: Access denied for user '****'@'localhost' (using password: YES)
[Method: GET, Route: Regime/go_to_regime]
in SYSTEMPATH/Database/BaseConnection.php on line 606.
 1 SYSTEMPATH/Database/BaseConnection.php(795): CodeIgniter\Database\BaseConnection->initialize()
 2 SYSTEMPATH/Database/BaseBuilder.php(1649): CodeIgniter\Database\BaseConnection->query()
 3 SYSTEMPATH/Model.php(253): CodeIgniter\Database\BaseBuilder->get()
 4 SYSTEMPATH/BaseModel.php(676): CodeIgniter\Model->doFindAll()
 5 APPPATH/Controllers/RegimeController.php(24): CodeIgniter\BaseModel->findAll()
 6 SYSTEMPATH/CodeIgniter.php(951): App\Controllers\RegimeController->go_to_regime()
 7 SYSTEMPATH/CodeIgniter.php(497): CodeIgniter\CodeIgniter->runController()
 8 SYSTEMPATH/CodeIgniter.php(340): CodeIgniter\CodeIgniter->handleRequest()
 9 SYSTEMPATH/Boot.php(417): CodeIgniter\CodeIgniter->run()
10 SYSTEMPATH/Boot.php(68): CodeIgniter\Boot::runCodeIgniter()
11 FCPATH/index.php(59): CodeIgniter\Boot::bootWeb()
ERROR - 2026-05-08 15:50:08 --> Error connecting to the database: mysqli_sql_exception: Access denied for user 'php'@'localhost' (using password: YES) in /home/user/Documents/GITHUB1/Regime_vrai/system/Database/MySQLi/Connection.php:201
Stack trace:
#0 /home/user/Documents/GITHUB1/Regime_vrai/system/Database/MySQLi/Connection.php(201): mysqli->real_connect()
#1 /home/user/Documents/GITHUB1/Regime_vrai/system/Database/BaseConnection.php(555): CodeIgniter\Database\MySQLi\Connection->connect()
#2 /home/user/Documents/GITHUB1/Regime_vrai/system/Database/BaseConnection.php(795): CodeIgniter\Database\BaseConnection->initialize()
#3 /home/user/Documents/GITHUB1/Regime_vrai/system/Database/BaseBuilder.php(1649): CodeIgniter\Database\BaseConnection->query()
#4 /home/user/Documents/GITHUB1/Regime_vrai/system/Model.php(253): CodeIgniter\Database\BaseBuilder->get()
#5 /home/user/Documents/GITHUB1/Regime_vrai/system/BaseModel.php(676): CodeIgniter\Model->doFindAll()
#6 /home/user/Documents/GITHUB1/Regime_vrai/app/Controllers/RegimeController.php(24): CodeIgniter\BaseModel->findAll()
#7 /home/user/Documents/GITHUB1/Regime_vrai/system/CodeIgniter.php(951): App\Controllers\RegimeController->go_to_regime()
#8 /home/user/Documents/GITHUB1/Regime_vrai/system/CodeIgniter.php(497): CodeIgniter\CodeIgniter->runController()
#9 /home/user/Documents/GITHUB1/Regime_vrai/system/CodeIgniter.php(340): CodeIgniter\CodeIgniter->handleRequest()
#10 /home/user/Documents/GITHUB1/Regime_vrai/system/Boot.php(417): CodeIgniter\CodeIgniter->run()
#11 /home/user/Documents/GITHUB1/Regime_vrai/system/Boot.php(68): CodeIgniter\Boot::runCodeIgniter()
#12 /home/user/Documents/GITHUB1/Regime_vrai/public/index.php(59): CodeIgniter\Boot::bootWeb()
#13 {main}

Next CodeIgniter\Database\Exceptions\DatabaseException: Access denied for user '****'@'localhost' (using password: YES) in /home/user/Documents/GITHUB1/Regime_vrai/system/Database/MySQLi/Connection.php:231
Stack trace:
#0 /home/user/Documents/GITHUB1/Regime_vrai/system/Database/BaseConnection.php(555): CodeIgniter\Database\MySQLi\Connection->connect()
#1 /home/user/Documents/GITHUB1/Regime_vrai/system/Database/BaseConnection.php(795): CodeIgniter\Database\BaseConnection->initialize()
#2 /home/user/Documents/GITHUB1/Regime_vrai/system/Database/BaseBuilder.php(1649): CodeIgniter\Database\BaseConnection->query()
#3 /home/user/Documents/GITHUB1/Regime_vrai/system/Model.php(253): CodeIgniter\Database\BaseBuilder->get()
#4 /home/user/Documents/GITHUB1/Regime_vrai/system/BaseModel.php(676): CodeIgniter\Model->doFindAll()
#5 /home/user/Documents/GITHUB1/Regime_vrai/app/Controllers/RegimeController.php(24): CodeIgniter\BaseModel->findAll()
#6 /home/user/Documents/GITHUB1/Regime_vrai/system/CodeIgniter.php(951): App\Controllers\RegimeController->go_to_regime()
#7 /home/user/Documents/GITHUB1/Regime_vrai/system/CodeIgniter.php(497): CodeIgniter\CodeIgniter->runController()
#8 /home/user/Documents/GITHUB1/Regime_vrai/system/CodeIgniter.php(340): CodeIgniter\CodeIgniter->handleRequest()
#9 /home/user/Documents/GITHUB1/Regime_vrai/system/Boot.php(417): CodeIgniter\CodeIgniter->run()
#10 /home/user/Documents/GITHUB1/Regime_vrai/system/Boot.php(68): CodeIgniter\Boot::runCodeIgniter()
#11 /home/user/Documents/GITHUB1/Regime_vrai/public/index.php(59): CodeIgniter\Boot::bootWeb()
#12 {main}
CRITICAL - 2026-05-08 15:50:08 --> CodeIgniter\Database\Exceptions\DatabaseException: Unable to connect to the database.
Main connection [MySQLi]: Access denied for user '****'@'localhost' (using password: YES)
[Method: GET, Route: Regime/go_to_regime]
in SYSTEMPATH/Database/BaseConnection.php on line 606.
 1 SYSTEMPATH/Database/BaseConnection.php(795): CodeIgniter\Database\BaseConnection->initialize()
 2 SYSTEMPATH/Database/BaseBuilder.php(1649): CodeIgniter\Database\BaseConnection->query()
 3 SYSTEMPATH/Model.php(253): CodeIgniter\Database\BaseBuilder->get()
 4 SYSTEMPATH/BaseModel.php(676): CodeIgniter\Model->doFindAll()
 5 APPPATH/Controllers/RegimeController.php(24): CodeIgniter\BaseModel->findAll()
 6 SYSTEMPATH/CodeIgniter.php(951): App\Controllers\RegimeController->go_to_regime()
 7 SYSTEMPATH/CodeIgniter.php(497): CodeIgniter\CodeIgniter->runController()
 8 SYSTEMPATH/CodeIgniter.php(340): CodeIgniter\CodeIgniter->handleRequest()
 9 SYSTEMPATH/Boot.php(417): CodeIgniter\CodeIgniter->run()
10 SYSTEMPATH/Boot.php(68): CodeIgniter\Boot::runCodeIgniter()
11 FCPATH/index.php(59): CodeIgniter\Boot::bootWeb()
ERROR - 2026-05-08 15:50:08 --> Error connecting to the database: mysqli_sql_exception: Access denied for user 'php'@'localhost' (using password: YES) in /home/user/Documents/GITHUB1/Regime_vrai/system/Database/MySQLi/Connection.php:201
Stack trace:
#0 /home/user/Documents/GITHUB1/Regime_vrai/system/Database/MySQLi/Connection.php(201): mysqli->real_connect()
#1 /home/user/Documents/GITHUB1/Regime_vrai/system/Database/BaseConnection.php(555): CodeIgniter\Database\MySQLi\Connection->connect()
#2 /home/user/Documents/GITHUB1/Regime_vrai/system/Database/BaseConnection.php(795): CodeIgniter\Database\BaseConnection->initialize()
#3 /home/user/Documents/GITHUB1/Regime_vrai/system/Database/BaseBuilder.php(1649): CodeIgniter\Database\BaseConnection->query()
#4 /home/user/Documents/GITHUB1/Regime_vrai/system/Model.php(253): CodeIgniter\Database\BaseBuilder->get()
#5 /home/user/Documents/GITHUB1/Regime_vrai/system/BaseModel.php(676): CodeIgniter\Model->doFindAll()
#6 /home/user/Documents/GITHUB1/Regime_vrai/app/Controllers/RegimeController.php(24): CodeIgniter\BaseModel->findAll()
#7 /home/user/Documents/GITHUB1/Regime_vrai/system/CodeIgniter.php(951): App\Controllers\RegimeController->go_to_regime()
#8 /home/user/Documents/GITHUB1/Regime_vrai/system/CodeIgniter.php(497): CodeIgniter\CodeIgniter->runController()
#9 /home/user/Documents/GITHUB1/Regime_vrai/system/CodeIgniter.php(340): CodeIgniter\CodeIgniter->handleRequest()
#10 /home/user/Documents/GITHUB1/Regime_vrai/system/Boot.php(417): CodeIgniter\CodeIgniter->run()
#11 /home/user/Documents/GITHUB1/Regime_vrai/system/Boot.php(68): CodeIgniter\Boot::runCodeIgniter()
#12 /home/user/Documents/GITHUB1/Regime_vrai/public/index.php(59): CodeIgniter\Boot::bootWeb()
#13 {main}

Next CodeIgniter\Database\Exceptions\DatabaseException: Access denied for user '****'@'localhost' (using password: YES) in /home/user/Documents/GITHUB1/Regime_vrai/system/Database/MySQLi/Connection.php:231
Stack trace:
#0 /home/user/Documents/GITHUB1/Regime_vrai/system/Database/BaseConnection.php(555): CodeIgniter\Database\MySQLi\Connection->connect()
#1 /home/user/Documents/GITHUB1/Regime_vrai/system/Database/BaseConnection.php(795): CodeIgniter\Database\BaseConnection->initialize()
#2 /home/user/Documents/GITHUB1/Regime_vrai/system/Database/BaseBuilder.php(1649): CodeIgniter\Database\BaseConnection->query()
#3 /home/user/Documents/GITHUB1/Regime_vrai/system/Model.php(253): CodeIgniter\Database\BaseBuilder->get()
#4 /home/user/Documents/GITHUB1/Regime_vrai/system/BaseModel.php(676): CodeIgniter\Model->doFindAll()
#5 /home/user/Documents/GITHUB1/Regime_vrai/app/Controllers/RegimeController.php(24): CodeIgniter\BaseModel->findAll()
#6 /home/user/Documents/GITHUB1/Regime_vrai/system/CodeIgniter.php(951): App\Controllers\RegimeController->go_to_regime()
#7 /home/user/Documents/GITHUB1/Regime_vrai/system/CodeIgniter.php(497): CodeIgniter\CodeIgniter->runController()
#8 /home/user/Documents/GITHUB1/Regime_vrai/system/CodeIgniter.php(340): CodeIgniter\CodeIgniter->handleRequest()
#9 /home/user/Documents/GITHUB1/Regime_vrai/system/Boot.php(417): CodeIgniter\CodeIgniter->run()
#10 /home/user/Documents/GITHUB1/Regime_vrai/system/Boot.php(68): CodeIgniter\Boot::runCodeIgniter()
#11 /home/user/Documents/GITHUB1/Regime_vrai/public/index.php(59): CodeIgniter\Boot::bootWeb()
#12 {main}
CRITICAL - 2026-05-08 15:50:08 --> CodeIgniter\Database\Exceptions\DatabaseException: Unable to connect to the database.
Main connection [MySQLi]: Access denied for user '****'@'localhost' (using password: YES)
[Method: GET, Route: Regime/go_to_regime]
in SYSTEMPATH/Database/BaseConnection.php on line 606.
 1 SYSTEMPATH/Database/BaseConnection.php(795): CodeIgniter\Database\BaseConnection->initialize()
 2 SYSTEMPATH/Database/BaseBuilder.php(1649): CodeIgniter\Database\BaseConnection->query()
 3 SYSTEMPATH/Model.php(253): CodeIgniter\Database\BaseBuilder->get()
 4 SYSTEMPATH/BaseModel.php(676): CodeIgniter\Model->doFindAll()
 5 APPPATH/Controllers/RegimeController.php(24): CodeIgniter\BaseModel->findAll()
 6 SYSTEMPATH/CodeIgniter.php(951): App\Controllers\RegimeController->go_to_regime()
 7 SYSTEMPATH/CodeIgniter.php(497): CodeIgniter\CodeIgniter->runController()
 8 SYSTEMPATH/CodeIgniter.php(340): CodeIgniter\CodeIgniter->handleRequest()
 9 SYSTEMPATH/Boot.php(417): CodeIgniter\CodeIgniter->run()
10 SYSTEMPATH/Boot.php(68): CodeIgniter\Boot::runCodeIgniter()
11 FCPATH/index.php(59): CodeIgniter\Boot::bootWeb()
ERROR - 2026-05-08 15:50:08 --> Error connecting to the database: mysqli_sql_exception: Access denied for user 'php'@'localhost' (using password: YES) in /home/user/Documents/GITHUB1/Regime_vrai/system/Database/MySQLi/Connection.php:201
Stack trace:
#0 /home/user/Documents/GITHUB1/Regime_vrai/system/Database/MySQLi/Connection.php(201): mysqli->real_connect()
#1 /home/user/Documents/GITHUB1/Regime_vrai/system/Database/BaseConnection.php(555): CodeIgniter\Database\MySQLi\Connection->connect()
#2 /home/user/Documents/GITHUB1/Regime_vrai/system/Database/BaseConnection.php(795): CodeIgniter\Database\BaseConnection->initialize()
#3 /home/user/Documents/GITHUB1/Regime_vrai/system/Database/BaseBuilder.php(1649): CodeIgniter\Database\BaseConnection->query()
#4 /home/user/Documents/GITHUB1/Regime_vrai/system/Model.php(253): CodeIgniter\Database\BaseBuilder->get()
#5 /home/user/Documents/GITHUB1/Regime_vrai/system/BaseModel.php(676): CodeIgniter\Model->doFindAll()
#6 /home/user/Documents/GITHUB1/Regime_vrai/app/Controllers/RegimeController.php(24): CodeIgniter\BaseModel->findAll()
#7 /home/user/Documents/GITHUB1/Regime_vrai/system/CodeIgniter.php(951): App\Controllers\RegimeController->go_to_regime()
#8 /home/user/Documents/GITHUB1/Regime_vrai/system/CodeIgniter.php(497): CodeIgniter\CodeIgniter->runController()
#9 /home/user/Documents/GITHUB1/Regime_vrai/system/CodeIgniter.php(340): CodeIgniter\CodeIgniter->handleRequest()
#10 /home/user/Documents/GITHUB1/Regime_vrai/system/Boot.php(417): CodeIgniter\CodeIgniter->run()
#11 /home/user/Documents/GITHUB1/Regime_vrai/system/Boot.php(68): CodeIgniter\Boot::runCodeIgniter()
#12 /home/user/Documents/GITHUB1/Regime_vrai/public/index.php(59): CodeIgniter\Boot::bootWeb()
#13 {main}

Next CodeIgniter\Database\Exceptions\DatabaseException: Access denied for user '****'@'localhost' (using password: YES) in /home/user/Documents/GITHUB1/Regime_vrai/system/Database/MySQLi/Connection.php:231
Stack trace:
#0 /home/user/Documents/GITHUB1/Regime_vrai/system/Database/BaseConnection.php(555): CodeIgniter\Database\MySQLi\Connection->connect()
#1 /home/user/Documents/GITHUB1/Regime_vrai/system/Database/BaseConnection.php(795): CodeIgniter\Database\BaseConnection->initialize()
#2 /home/user/Documents/GITHUB1/Regime_vrai/system/Database/BaseBuilder.php(1649): CodeIgniter\Database\BaseConnection->query()
#3 /home/user/Documents/GITHUB1/Regime_vrai/system/Model.php(253): CodeIgniter\Database\BaseBuilder->get()
#4 /home/user/Documents/GITHUB1/Regime_vrai/system/BaseModel.php(676): CodeIgniter\Model->doFindAll()
#5 /home/user/Documents/GITHUB1/Regime_vrai/app/Controllers/RegimeController.php(24): CodeIgniter\BaseModel->findAll()
#6 /home/user/Documents/GITHUB1/Regime_vrai/system/CodeIgniter.php(951): App\Controllers\RegimeController->go_to_regime()
#7 /home/user/Documents/GITHUB1/Regime_vrai/system/CodeIgniter.php(497): CodeIgniter\CodeIgniter->runController()
#8 /home/user/Documents/GITHUB1/Regime_vrai/system/CodeIgniter.php(340): CodeIgniter\CodeIgniter->handleRequest()
#9 /home/user/Documents/GITHUB1/Regime_vrai/system/Boot.php(417): CodeIgniter\CodeIgniter->run()
#10 /home/user/Documents/GITHUB1/Regime_vrai/system/Boot.php(68): CodeIgniter\Boot::runCodeIgniter()
#11 /home/user/Documents/GITHUB1/Regime_vrai/public/index.php(59): CodeIgniter\Boot::bootWeb()
#12 {main}
CRITICAL - 2026-05-08 15:50:08 --> CodeIgniter\Database\Exceptions\DatabaseException: Unable to connect to the database.
Main connection [MySQLi]: Access denied for user '****'@'localhost' (using password: YES)
[Method: GET, Route: Regime/go_to_regime]
in SYSTEMPATH/Database/BaseConnection.php on line 606.
 1 SYSTEMPATH/Database/BaseConnection.php(795): CodeIgniter\Database\BaseConnection->initialize()
 2 SYSTEMPATH/Database/BaseBuilder.php(1649): CodeIgniter\Database\BaseConnection->query()
 3 SYSTEMPATH/Model.php(253): CodeIgniter\Database\BaseBuilder->get()
 4 SYSTEMPATH/BaseModel.php(676): CodeIgniter\Model->doFindAll()
 5 APPPATH/Controllers/RegimeController.php(24): CodeIgniter\BaseModel->findAll()
 6 SYSTEMPATH/CodeIgniter.php(951): App\Controllers\RegimeController->go_to_regime()
 7 SYSTEMPATH/CodeIgniter.php(497): CodeIgniter\CodeIgniter->runController()
 8 SYSTEMPATH/CodeIgniter.php(340): CodeIgniter\CodeIgniter->handleRequest()
 9 SYSTEMPATH/Boot.php(417): CodeIgniter\CodeIgniter->run()
10 SYSTEMPATH/Boot.php(68): CodeIgniter\Boot::runCodeIgniter()
11 FCPATH/index.php(59): CodeIgniter\Boot::bootWeb()
ERROR - 2026-05-08 15:50:08 --> Error connecting to the database: mysqli_sql_exception: Access denied for user 'php'@'localhost' (using password: YES) in /home/user/Documents/GITHUB1/Regime_vrai/system/Database/MySQLi/Connection.php:201
Stack trace:
#0 /home/user/Documents/GITHUB1/Regime_vrai/system/Database/MySQLi/Connection.php(201): mysqli->real_connect()
#1 /home/user/Documents/GITHUB1/Regime_vrai/system/Database/BaseConnection.php(555): CodeIgniter\Database\MySQLi\Connection->connect()
#2 /home/user/Documents/GITHUB1/Regime_vrai/system/Database/BaseConnection.php(795): CodeIgniter\Database\BaseConnection->initialize()
#3 /home/user/Documents/GITHUB1/Regime_vrai/system/Database/BaseBuilder.php(1649): CodeIgniter\Database\BaseConnection->query()
#4 /home/user/Documents/GITHUB1/Regime_vrai/system/Model.php(253): CodeIgniter\Database\BaseBuilder->get()
#5 /home/user/Documents/GITHUB1/Regime_vrai/system/BaseModel.php(676): CodeIgniter\Model->doFindAll()
#6 /home/user/Documents/GITHUB1/Regime_vrai/app/Controllers/RegimeController.php(24): CodeIgniter\BaseModel->findAll()
#7 /home/user/Documents/GITHUB1/Regime_vrai/system/CodeIgniter.php(951): App\Controllers\RegimeController->go_to_regime()
#8 /home/user/Documents/GITHUB1/Regime_vrai/system/CodeIgniter.php(497): CodeIgniter\CodeIgniter->runController()
#9 /home/user/Documents/GITHUB1/Regime_vrai/system/CodeIgniter.php(340): CodeIgniter\CodeIgniter->handleRequest()
#10 /home/user/Documents/GITHUB1/Regime_vrai/system/Boot.php(417): CodeIgniter\CodeIgniter->run()
#11 /home/user/Documents/GITHUB1/Regime_vrai/system/Boot.php(68): CodeIgniter\Boot::runCodeIgniter()
#12 /home/user/Documents/GITHUB1/Regime_vrai/public/index.php(59): CodeIgniter\Boot::bootWeb()
#13 {main}

Next CodeIgniter\Database\Exceptions\DatabaseException: Access denied for user '****'@'localhost' (using password: YES) in /home/user/Documents/GITHUB1/Regime_vrai/system/Database/MySQLi/Connection.php:231
Stack trace:
#0 /home/user/Documents/GITHUB1/Regime_vrai/system/Database/BaseConnection.php(555): CodeIgniter\Database\MySQLi\Connection->connect()
#1 /home/user/Documents/GITHUB1/Regime_vrai/system/Database/BaseConnection.php(795): CodeIgniter\Database\BaseConnection->initialize()
#2 /home/user/Documents/GITHUB1/Regime_vrai/system/Database/BaseBuilder.php(1649): CodeIgniter\Database\BaseConnection->query()
#3 /home/user/Documents/GITHUB1/Regime_vrai/system/Model.php(253): CodeIgniter\Database\BaseBuilder->get()
#4 /home/user/Documents/GITHUB1/Regime_vrai/system/BaseModel.php(676): CodeIgniter\Model->doFindAll()
#5 /home/user/Documents/GITHUB1/Regime_vrai/app/Controllers/RegimeController.php(24): CodeIgniter\BaseModel->findAll()
#6 /home/user/Documents/GITHUB1/Regime_vrai/system/CodeIgniter.php(951): App\Controllers\RegimeController->go_to_regime()
#7 /home/user/Documents/GITHUB1/Regime_vrai/system/CodeIgniter.php(497): CodeIgniter\CodeIgniter->runController()
#8 /home/user/Documents/GITHUB1/Regime_vrai/system/CodeIgniter.php(340): CodeIgniter\CodeIgniter->handleRequest()
#9 /home/user/Documents/GITHUB1/Regime_vrai/system/Boot.php(417): CodeIgniter\CodeIgniter->run()
#10 /home/user/Documents/GITHUB1/Regime_vrai/system/Boot.php(68): CodeIgniter\Boot::runCodeIgniter()
#11 /home/user/Documents/GITHUB1/Regime_vrai/public/index.php(59): CodeIgniter\Boot::bootWeb()
#12 {main}
CRITICAL - 2026-05-08 15:50:08 --> CodeIgniter\Database\Exceptions\DatabaseException: Unable to connect to the database.
=======
CRITICAL - 2026-05-08 16:21:04 --> CodeIgniter\Database\Exceptions\DatabaseException: Unable to connect to the database.
>>>>>>> Stashed changes
Main connection [MySQLi]: Access denied for user '****'@'localhost' (using password: YES)
[Method: GET, Route: Regime/go_to_regime]
in SYSTEMPATH/Database/BaseConnection.php on line 606.
 1 SYSTEMPATH/Database/BaseConnection.php(795): CodeIgniter\Database\BaseConnection->initialize()
 2 SYSTEMPATH/Database/BaseBuilder.php(1649): CodeIgniter\Database\BaseConnection->query()
 3 SYSTEMPATH/Model.php(253): CodeIgniter\Database\BaseBuilder->get()
 4 SYSTEMPATH/BaseModel.php(676): CodeIgniter\Model->doFindAll()
 5 APPPATH/Controllers/RegimeController.php(24): CodeIgniter\BaseModel->findAll()
 6 SYSTEMPATH/CodeIgniter.php(951): App\Controllers\RegimeController->go_to_regime()
 7 SYSTEMPATH/CodeIgniter.php(497): CodeIgniter\CodeIgniter->runController()
 8 SYSTEMPATH/CodeIgniter.php(340): CodeIgniter\CodeIgniter->handleRequest()
 9 SYSTEMPATH/Boot.php(417): CodeIgniter\CodeIgniter->run()
10 SYSTEMPATH/Boot.php(68): CodeIgniter\Boot::runCodeIgniter()
11 FCPATH/index.php(59): CodeIgniter\Boot::bootWeb()
CRITICAL - 2026-05-08 17:59:10 --> CodeIgniter\View\Exceptions\ViewException: Invalid file: ".php"
[Method: GET, Route: dashboard]
in SYSTEMPATH/Exceptions/FrameworkException.php on line 39.
 1 SYSTEMPATH/View/View.php(228): CodeIgniter\Exceptions\FrameworkException::forInvalidFile()
 2 SYSTEMPATH/Common.php(1250): CodeIgniter\View\View->render()
 3 APPPATH/Views/dashboard/index.php(15): view()
 4 SYSTEMPATH/View/View.php(240): include('/home/user/Documents/GITHUB1/Regime_vrai/app/Views/dashboard/index.php')
 5 SYSTEMPATH/View/View.php(243): CodeIgniter\View\View->CodeIgniter\View\{closure}()
 6 SYSTEMPATH/Common.php(1250): CodeIgniter\View\View->render()
 7 APPPATH/Controllers/Dashboard.php(34): view()
 8 SYSTEMPATH/CodeIgniter.php(951): App\Controllers\Dashboard->index()
 9 SYSTEMPATH/CodeIgniter.php(497): CodeIgniter\CodeIgniter->runController()
10 SYSTEMPATH/CodeIgniter.php(340): CodeIgniter\CodeIgniter->handleRequest()
11 SYSTEMPATH/Boot.php(417): CodeIgniter\CodeIgniter->run()
12 SYSTEMPATH/Boot.php(68): CodeIgniter\Boot::runCodeIgniter()
13 FCPATH/index.php(59): CodeIgniter\Boot::bootWeb()
CRITICAL - 2026-05-08 17:59:10 --> CodeIgniter\View\Exceptions\ViewException: Invalid file: ".php"
[Method: GET, Route: dashboard]
in SYSTEMPATH/Exceptions/FrameworkException.php on line 39.
 1 SYSTEMPATH/View/View.php(228): CodeIgniter\Exceptions\FrameworkException::forInvalidFile()
 2 SYSTEMPATH/Common.php(1250): CodeIgniter\View\View->render()
 3 APPPATH/Views/dashboard/index.php(15): view()
 4 SYSTEMPATH/View/View.php(240): include('/home/user/Documents/GITHUB1/Regime_vrai/app/Views/dashboard/index.php')
 5 SYSTEMPATH/View/View.php(243): CodeIgniter\View\View->CodeIgniter\View\{closure}()
 6 SYSTEMPATH/Common.php(1250): CodeIgniter\View\View->render()
 7 APPPATH/Controllers/Dashboard.php(34): view()
 8 SYSTEMPATH/CodeIgniter.php(951): App\Controllers\Dashboard->index()
 9 SYSTEMPATH/CodeIgniter.php(497): CodeIgniter\CodeIgniter->runController()
10 SYSTEMPATH/CodeIgniter.php(340): CodeIgniter\CodeIgniter->handleRequest()
11 SYSTEMPATH/Boot.php(417): CodeIgniter\CodeIgniter->run()
12 SYSTEMPATH/Boot.php(68): CodeIgniter\Boot::runCodeIgniter()
13 FCPATH/index.php(59): CodeIgniter\Boot::bootWeb()
CRITICAL - 2026-05-08 17:59:11 --> CodeIgniter\View\Exceptions\ViewException: Invalid file: ".php"
[Method: GET, Route: dashboard]
in SYSTEMPATH/Exceptions/FrameworkException.php on line 39.
 1 SYSTEMPATH/View/View.php(228): CodeIgniter\Exceptions\FrameworkException::forInvalidFile()
 2 SYSTEMPATH/Common.php(1250): CodeIgniter\View\View->render()
 3 APPPATH/Views/dashboard/index.php(15): view()
 4 SYSTEMPATH/View/View.php(240): include('/home/user/Documents/GITHUB1/Regime_vrai/app/Views/dashboard/index.php')
 5 SYSTEMPATH/View/View.php(243): CodeIgniter\View\View->CodeIgniter\View\{closure}()
 6 SYSTEMPATH/Common.php(1250): CodeIgniter\View\View->render()
 7 APPPATH/Controllers/Dashboard.php(34): view()
 8 SYSTEMPATH/CodeIgniter.php(951): App\Controllers\Dashboard->index()
 9 SYSTEMPATH/CodeIgniter.php(497): CodeIgniter\CodeIgniter->runController()
10 SYSTEMPATH/CodeIgniter.php(340): CodeIgniter\CodeIgniter->handleRequest()
11 SYSTEMPATH/Boot.php(417): CodeIgniter\CodeIgniter->run()
12 SYSTEMPATH/Boot.php(68): CodeIgniter\Boot::runCodeIgniter()
13 FCPATH/index.php(59): CodeIgniter\Boot::bootWeb()
CRITICAL - 2026-05-08 17:59:11 --> CodeIgniter\View\Exceptions\ViewException: Invalid file: ".php"
[Method: GET, Route: dashboard]
in SYSTEMPATH/Exceptions/FrameworkException.php on line 39.
 1 SYSTEMPATH/View/View.php(228): CodeIgniter\Exceptions\FrameworkException::forInvalidFile()
 2 SYSTEMPATH/Common.php(1250): CodeIgniter\View\View->render()
 3 APPPATH/Views/dashboard/index.php(15): view()
 4 SYSTEMPATH/View/View.php(240): include('/home/user/Documents/GITHUB1/Regime_vrai/app/Views/dashboard/index.php')
 5 SYSTEMPATH/View/View.php(243): CodeIgniter\View\View->CodeIgniter\View\{closure}()
 6 SYSTEMPATH/Common.php(1250): CodeIgniter\View\View->render()
 7 APPPATH/Controllers/Dashboard.php(34): view()
 8 SYSTEMPATH/CodeIgniter.php(951): App\Controllers\Dashboard->index()
 9 SYSTEMPATH/CodeIgniter.php(497): CodeIgniter\CodeIgniter->runController()
10 SYSTEMPATH/CodeIgniter.php(340): CodeIgniter\CodeIgniter->handleRequest()
11 SYSTEMPATH/Boot.php(417): CodeIgniter\CodeIgniter->run()
12 SYSTEMPATH/Boot.php(68): CodeIgniter\Boot::runCodeIgniter()
13 FCPATH/index.php(59): CodeIgniter\Boot::bootWeb()
CRITICAL - 2026-05-08 17:59:12 --> CodeIgniter\View\Exceptions\ViewException: Invalid file: ".php"
[Method: GET, Route: dashboard]
in SYSTEMPATH/Exceptions/FrameworkException.php on line 39.
 1 SYSTEMPATH/View/View.php(228): CodeIgniter\Exceptions\FrameworkException::forInvalidFile()
 2 SYSTEMPATH/Common.php(1250): CodeIgniter\View\View->render()
 3 APPPATH/Views/dashboard/index.php(15): view()
 4 SYSTEMPATH/View/View.php(240): include('/home/user/Documents/GITHUB1/Regime_vrai/app/Views/dashboard/index.php')
 5 SYSTEMPATH/View/View.php(243): CodeIgniter\View\View->CodeIgniter\View\{closure}()
 6 SYSTEMPATH/Common.php(1250): CodeIgniter\View\View->render()
 7 APPPATH/Controllers/Dashboard.php(34): view()
 8 SYSTEMPATH/CodeIgniter.php(951): App\Controllers\Dashboard->index()
 9 SYSTEMPATH/CodeIgniter.php(497): CodeIgniter\CodeIgniter->runController()
10 SYSTEMPATH/CodeIgniter.php(340): CodeIgniter\CodeIgniter->handleRequest()
11 SYSTEMPATH/Boot.php(417): CodeIgniter\CodeIgniter->run()
12 SYSTEMPATH/Boot.php(68): CodeIgniter\Boot::runCodeIgniter()
13 FCPATH/index.php(59): CodeIgniter\Boot::bootWeb()
CRITICAL - 2026-05-08 17:59:12 --> CodeIgniter\View\Exceptions\ViewException: Invalid file: ".php"
[Method: GET, Route: dashboard]
in SYSTEMPATH/Exceptions/FrameworkException.php on line 39.
 1 SYSTEMPATH/View/View.php(228): CodeIgniter\Exceptions\FrameworkException::forInvalidFile()
 2 SYSTEMPATH/Common.php(1250): CodeIgniter\View\View->render()
 3 APPPATH/Views/dashboard/index.php(15): view()
 4 SYSTEMPATH/View/View.php(240): include('/home/user/Documents/GITHUB1/Regime_vrai/app/Views/dashboard/index.php')
 5 SYSTEMPATH/View/View.php(243): CodeIgniter\View\View->CodeIgniter\View\{closure}()
 6 SYSTEMPATH/Common.php(1250): CodeIgniter\View\View->render()
 7 APPPATH/Controllers/Dashboard.php(34): view()
 8 SYSTEMPATH/CodeIgniter.php(951): App\Controllers\Dashboard->index()
 9 SYSTEMPATH/CodeIgniter.php(497): CodeIgniter\CodeIgniter->runController()
10 SYSTEMPATH/CodeIgniter.php(340): CodeIgniter\CodeIgniter->handleRequest()
11 SYSTEMPATH/Boot.php(417): CodeIgniter\CodeIgniter->run()
12 SYSTEMPATH/Boot.php(68): CodeIgniter\Boot::runCodeIgniter()
13 FCPATH/index.php(59): CodeIgniter\Boot::bootWeb()
CRITICAL - 2026-05-08 17:59:12 --> CodeIgniter\View\Exceptions\ViewException: Invalid file: ".php"
[Method: GET, Route: dashboard]
in SYSTEMPATH/Exceptions/FrameworkException.php on line 39.
 1 SYSTEMPATH/View/View.php(228): CodeIgniter\Exceptions\FrameworkException::forInvalidFile()
 2 SYSTEMPATH/Common.php(1250): CodeIgniter\View\View->render()
 3 APPPATH/Views/dashboard/index.php(15): view()
 4 SYSTEMPATH/View/View.php(240): include('/home/user/Documents/GITHUB1/Regime_vrai/app/Views/dashboard/index.php')
 5 SYSTEMPATH/View/View.php(243): CodeIgniter\View\View->CodeIgniter\View\{closure}()
 6 SYSTEMPATH/Common.php(1250): CodeIgniter\View\View->render()
 7 APPPATH/Controllers/Dashboard.php(34): view()
 8 SYSTEMPATH/CodeIgniter.php(951): App\Controllers\Dashboard->index()
 9 SYSTEMPATH/CodeIgniter.php(497): CodeIgniter\CodeIgniter->runController()
10 SYSTEMPATH/CodeIgniter.php(340): CodeIgniter\CodeIgniter->handleRequest()
11 SYSTEMPATH/Boot.php(417): CodeIgniter\CodeIgniter->run()
12 SYSTEMPATH/Boot.php(68): CodeIgniter\Boot::runCodeIgniter()
13 FCPATH/index.php(59): CodeIgniter\Boot::bootWeb()
CRITICAL - 2026-05-08 17:59:12 --> CodeIgniter\View\Exceptions\ViewException: Invalid file: ".php"
[Method: GET, Route: dashboard]
in SYSTEMPATH/Exceptions/FrameworkException.php on line 39.
 1 SYSTEMPATH/View/View.php(228): CodeIgniter\Exceptions\FrameworkException::forInvalidFile()
 2 SYSTEMPATH/Common.php(1250): CodeIgniter\View\View->render()
 3 APPPATH/Views/dashboard/index.php(15): view()
 4 SYSTEMPATH/View/View.php(240): include('/home/user/Documents/GITHUB1/Regime_vrai/app/Views/dashboard/index.php')
 5 SYSTEMPATH/View/View.php(243): CodeIgniter\View\View->CodeIgniter\View\{closure}()
 6 SYSTEMPATH/Common.php(1250): CodeIgniter\View\View->render()
 7 APPPATH/Controllers/Dashboard.php(34): view()
 8 SYSTEMPATH/CodeIgniter.php(951): App\Controllers\Dashboard->index()
 9 SYSTEMPATH/CodeIgniter.php(497): CodeIgniter\CodeIgniter->runController()
10 SYSTEMPATH/CodeIgniter.php(340): CodeIgniter\CodeIgniter->handleRequest()
11 SYSTEMPATH/Boot.php(417): CodeIgniter\CodeIgniter->run()
12 SYSTEMPATH/Boot.php(68): CodeIgniter\Boot::runCodeIgniter()
13 FCPATH/index.php(59): CodeIgniter\Boot::bootWeb()
CRITICAL - 2026-05-08 18:08:50 --> ErrorException: include(navbar.php): Failed to open stream: No such file or directory
[Method: GET, Route: Regime/go_to_regime]
in APPPATH/Views/regime/CrudRegime.php on line 16.
 1 APPPATH/Views/regime/CrudRegime.php(16): CodeIgniter\Debug\Exceptions->errorHandler()
 2 APPPATH/Views/regime/CrudRegime.php(16): include()
 3 SYSTEMPATH/View/View.php(240): include('/home/user/Documents/GITHUB1/Regime_vrai/app/Views/regime/CrudRegime.php')
 4 SYSTEMPATH/View/View.php(243): CodeIgniter\View\View->CodeIgniter\View\{closure}()
 5 SYSTEMPATH/Common.php(1250): CodeIgniter\View\View->render()
 6 APPPATH/Controllers/RegimeController.php(26): view()
 7 SYSTEMPATH/CodeIgniter.php(951): App\Controllers\RegimeController->go_to_regime()
 8 SYSTEMPATH/CodeIgniter.php(497): CodeIgniter\CodeIgniter->runController()
 9 SYSTEMPATH/CodeIgniter.php(340): CodeIgniter\CodeIgniter->handleRequest()
10 SYSTEMPATH/Boot.php(417): CodeIgniter\CodeIgniter->run()
11 SYSTEMPATH/Boot.php(68): CodeIgniter\Boot::runCodeIgniter()
12 FCPATH/index.php(59): CodeIgniter\Boot::bootWeb()
CRITICAL - 2026-05-08 19:50:20 --> ErrorException: Undefined variable $liste_objectif
[Method: GET, Route: Activites/add]
in APPPATH/Views/activites/CrudActivites.php on line 42.
 1 APPPATH/Views/activites/CrudActivites.php(42): CodeIgniter\Debug\Exceptions->errorHandler()
 2 SYSTEMPATH/View/View.php(240): include('/home/user/Documents/GITHUB1/Regime_vrai/app/Views/activites/CrudActivites.php')
 3 SYSTEMPATH/View/View.php(243): CodeIgniter\View\View->CodeIgniter\View\{closure}()
 4 SYSTEMPATH/Common.php(1250): CodeIgniter\View\View->render()
 5 APPPATH/Controllers/ActiviteController.php(29): view()
 6 SYSTEMPATH/CodeIgniter.php(951): App\Controllers\ActiviteController->go_to_activite()
 7 SYSTEMPATH/CodeIgniter.php(497): CodeIgniter\CodeIgniter->runController()
 8 SYSTEMPATH/CodeIgniter.php(340): CodeIgniter\CodeIgniter->handleRequest()
 9 SYSTEMPATH/Boot.php(417): CodeIgniter\CodeIgniter->run()
10 SYSTEMPATH/Boot.php(68): CodeIgniter\Boot::runCodeIgniter()
11 FCPATH/index.php(59): CodeIgniter\Boot::bootWeb()
CRITICAL - 2026-05-08 19:50:21 --> ErrorException: Undefined variable $liste_objectif
[Method: GET, Route: Activites/add]
in APPPATH/Views/activites/CrudActivites.php on line 42.
 1 APPPATH/Views/activites/CrudActivites.php(42): CodeIgniter\Debug\Exceptions->errorHandler()
 2 SYSTEMPATH/View/View.php(240): include('/home/user/Documents/GITHUB1/Regime_vrai/app/Views/activites/CrudActivites.php')
 3 SYSTEMPATH/View/View.php(243): CodeIgniter\View\View->CodeIgniter\View\{closure}()
 4 SYSTEMPATH/Common.php(1250): CodeIgniter\View\View->render()
 5 APPPATH/Controllers/ActiviteController.php(29): view()
 6 SYSTEMPATH/CodeIgniter.php(951): App\Controllers\ActiviteController->go_to_activite()
 7 SYSTEMPATH/CodeIgniter.php(497): CodeIgniter\CodeIgniter->runController()
 8 SYSTEMPATH/CodeIgniter.php(340): CodeIgniter\CodeIgniter->handleRequest()
 9 SYSTEMPATH/Boot.php(417): CodeIgniter\CodeIgniter->run()
10 SYSTEMPATH/Boot.php(68): CodeIgniter\Boot::runCodeIgniter()
11 FCPATH/index.php(59): CodeIgniter\Boot::bootWeb()
CRITICAL - 2026-05-08 19:52:26 --> ErrorException: Undefined variable $liste_objectif
[Method: GET, Route: Activites/add]
in APPPATH/Views/activites/CrudActivites.php on line 42.
 1 APPPATH/Views/activites/CrudActivites.php(42): CodeIgniter\Debug\Exceptions->errorHandler()
 2 SYSTEMPATH/View/View.php(240): include('/home/user/Documents/GITHUB1/Regime_vrai/app/Views/activites/CrudActivites.php')
 3 SYSTEMPATH/View/View.php(243): CodeIgniter\View\View->CodeIgniter\View\{closure}()
 4 SYSTEMPATH/Common.php(1250): CodeIgniter\View\View->render()
 5 APPPATH/Controllers/ActiviteController.php(29): view()
 6 SYSTEMPATH/CodeIgniter.php(951): App\Controllers\ActiviteController->go_to_activite()
 7 SYSTEMPATH/CodeIgniter.php(497): CodeIgniter\CodeIgniter->runController()
 8 SYSTEMPATH/CodeIgniter.php(340): CodeIgniter\CodeIgniter->handleRequest()
 9 SYSTEMPATH/Boot.php(417): CodeIgniter\CodeIgniter->run()
10 SYSTEMPATH/Boot.php(68): CodeIgniter\Boot::runCodeIgniter()
11 FCPATH/index.php(59): CodeIgniter\Boot::bootWeb()
CRITICAL - 2026-05-08 19:52:44 --> ErrorException: Undefined variable $liste_regime
[Method: GET, Route: Activites/add]
in APPPATH/Views/activites/CrudActivites.php on line 93.
 1 APPPATH/Views/activites/CrudActivites.php(93): CodeIgniter\Debug\Exceptions->errorHandler()
 2 SYSTEMPATH/View/View.php(240): include('/home/user/Documents/GITHUB1/Regime_vrai/app/Views/activites/CrudActivites.php')
 3 SYSTEMPATH/View/View.php(243): CodeIgniter\View\View->CodeIgniter\View\{closure}()
 4 SYSTEMPATH/Common.php(1250): CodeIgniter\View\View->render()
 5 APPPATH/Controllers/ActiviteController.php(29): view()
 6 SYSTEMPATH/CodeIgniter.php(951): App\Controllers\ActiviteController->go_to_activite()
 7 SYSTEMPATH/CodeIgniter.php(497): CodeIgniter\CodeIgniter->runController()
 8 SYSTEMPATH/CodeIgniter.php(340): CodeIgniter\CodeIgniter->handleRequest()
 9 SYSTEMPATH/Boot.php(417): CodeIgniter\CodeIgniter->run()
10 SYSTEMPATH/Boot.php(68): CodeIgniter\Boot::runCodeIgniter()
11 FCPATH/index.php(59): CodeIgniter\Boot::bootWeb()
CRITICAL - 2026-05-08 19:52:45 --> ErrorException: Undefined variable $liste_regime
[Method: GET, Route: Activites/add]
in APPPATH/Views/activites/CrudActivites.php on line 93.
 1 APPPATH/Views/activites/CrudActivites.php(93): CodeIgniter\Debug\Exceptions->errorHandler()
 2 SYSTEMPATH/View/View.php(240): include('/home/user/Documents/GITHUB1/Regime_vrai/app/Views/activites/CrudActivites.php')
 3 SYSTEMPATH/View/View.php(243): CodeIgniter\View\View->CodeIgniter\View\{closure}()
 4 SYSTEMPATH/Common.php(1250): CodeIgniter\View\View->render()
 5 APPPATH/Controllers/ActiviteController.php(29): view()
 6 SYSTEMPATH/CodeIgniter.php(951): App\Controllers\ActiviteController->go_to_activite()
 7 SYSTEMPATH/CodeIgniter.php(497): CodeIgniter\CodeIgniter->runController()
 8 SYSTEMPATH/CodeIgniter.php(340): CodeIgniter\CodeIgniter->handleRequest()
 9 SYSTEMPATH/Boot.php(417): CodeIgniter\CodeIgniter->run()
10 SYSTEMPATH/Boot.php(68): CodeIgniter\Boot::runCodeIgniter()
11 FCPATH/index.php(59): CodeIgniter\Boot::bootWeb()
CRITICAL - 2026-05-08 19:52:45 --> ErrorException: Undefined variable $liste_regime
[Method: GET, Route: Activites/add]
in APPPATH/Views/activites/CrudActivites.php on line 93.
 1 APPPATH/Views/activites/CrudActivites.php(93): CodeIgniter\Debug\Exceptions->errorHandler()
 2 SYSTEMPATH/View/View.php(240): include('/home/user/Documents/GITHUB1/Regime_vrai/app/Views/activites/CrudActivites.php')
 3 SYSTEMPATH/View/View.php(243): CodeIgniter\View\View->CodeIgniter\View\{closure}()
 4 SYSTEMPATH/Common.php(1250): CodeIgniter\View\View->render()
 5 APPPATH/Controllers/ActiviteController.php(29): view()
 6 SYSTEMPATH/CodeIgniter.php(951): App\Controllers\ActiviteController->go_to_activite()
 7 SYSTEMPATH/CodeIgniter.php(497): CodeIgniter\CodeIgniter->runController()
 8 SYSTEMPATH/CodeIgniter.php(340): CodeIgniter\CodeIgniter->handleRequest()
 9 SYSTEMPATH/Boot.php(417): CodeIgniter\CodeIgniter->run()
10 SYSTEMPATH/Boot.php(68): CodeIgniter\Boot::runCodeIgniter()
11 FCPATH/index.php(59): CodeIgniter\Boot::bootWeb()
CRITICAL - 2026-05-08 19:52:45 --> ErrorException: Undefined variable $liste_regime
[Method: GET, Route: Activites/add]
in APPPATH/Views/activites/CrudActivites.php on line 93.
 1 APPPATH/Views/activites/CrudActivites.php(93): CodeIgniter\Debug\Exceptions->errorHandler()
 2 SYSTEMPATH/View/View.php(240): include('/home/user/Documents/GITHUB1/Regime_vrai/app/Views/activites/CrudActivites.php')
 3 SYSTEMPATH/View/View.php(243): CodeIgniter\View\View->CodeIgniter\View\{closure}()
 4 SYSTEMPATH/Common.php(1250): CodeIgniter\View\View->render()
 5 APPPATH/Controllers/ActiviteController.php(29): view()
 6 SYSTEMPATH/CodeIgniter.php(951): App\Controllers\ActiviteController->go_to_activite()
 7 SYSTEMPATH/CodeIgniter.php(497): CodeIgniter\CodeIgniter->runController()
 8 SYSTEMPATH/CodeIgniter.php(340): CodeIgniter\CodeIgniter->handleRequest()
 9 SYSTEMPATH/Boot.php(417): CodeIgniter\CodeIgniter->run()
10 SYSTEMPATH/Boot.php(68): CodeIgniter\Boot::runCodeIgniter()
11 FCPATH/index.php(59): CodeIgniter\Boot::bootWeb()
CRITICAL - 2026-05-08 20:02:00 --> Error: Class "App\Models\Activite" not found
[Method: GET, Route: Activites/add]
in APPPATH/Controllers/ActiviteController.php on line 12.
 1 SYSTEMPATH/CodeIgniter.php(921): App\Controllers\ActiviteController->__construct()
 2 SYSTEMPATH/CodeIgniter.php(488): CodeIgniter\CodeIgniter->createController()
 3 SYSTEMPATH/CodeIgniter.php(340): CodeIgniter\CodeIgniter->handleRequest()
 4 SYSTEMPATH/Boot.php(417): CodeIgniter\CodeIgniter->run()
 5 SYSTEMPATH/Boot.php(68): CodeIgniter\Boot::runCodeIgniter()
 6 FCPATH/index.php(59): CodeIgniter\Boot::bootWeb()
CRITICAL - 2026-05-08 20:02:01 --> Error: Class "App\Models\Activite" not found
[Method: GET, Route: Activites/add]
in APPPATH/Controllers/ActiviteController.php on line 12.
 1 SYSTEMPATH/CodeIgniter.php(921): App\Controllers\ActiviteController->__construct()
 2 SYSTEMPATH/CodeIgniter.php(488): CodeIgniter\CodeIgniter->createController()
 3 SYSTEMPATH/CodeIgniter.php(340): CodeIgniter\CodeIgniter->handleRequest()
 4 SYSTEMPATH/Boot.php(417): CodeIgniter\CodeIgniter->run()
 5 SYSTEMPATH/Boot.php(68): CodeIgniter\Boot::runCodeIgniter()
 6 FCPATH/index.php(59): CodeIgniter\Boot::bootWeb()
CRITICAL - 2026-05-08 20:02:01 --> Error: Class "App\Models\Activite" not found
[Method: GET, Route: Activites/add]
in APPPATH/Controllers/ActiviteController.php on line 12.
 1 SYSTEMPATH/CodeIgniter.php(921): App\Controllers\ActiviteController->__construct()
 2 SYSTEMPATH/CodeIgniter.php(488): CodeIgniter\CodeIgniter->createController()
 3 SYSTEMPATH/CodeIgniter.php(340): CodeIgniter\CodeIgniter->handleRequest()
 4 SYSTEMPATH/Boot.php(417): CodeIgniter\CodeIgniter->run()
 5 SYSTEMPATH/Boot.php(68): CodeIgniter\Boot::runCodeIgniter()
 6 FCPATH/index.php(59): CodeIgniter\Boot::bootWeb()
CRITICAL - 2026-05-08 20:02:01 --> Error: Class "App\Models\Activite" not found
[Method: GET, Route: Activites/add]
in APPPATH/Controllers/ActiviteController.php on line 12.
 1 SYSTEMPATH/CodeIgniter.php(921): App\Controllers\ActiviteController->__construct()
 2 SYSTEMPATH/CodeIgniter.php(488): CodeIgniter\CodeIgniter->createController()
 3 SYSTEMPATH/CodeIgniter.php(340): CodeIgniter\CodeIgniter->handleRequest()
 4 SYSTEMPATH/Boot.php(417): CodeIgniter\CodeIgniter->run()
 5 SYSTEMPATH/Boot.php(68): CodeIgniter\Boot::runCodeIgniter()
 6 FCPATH/index.php(59): CodeIgniter\Boot::bootWeb()
CRITICAL - 2026-05-08 20:02:02 --> Error: Class "App\Models\Activite" not found
[Method: GET, Route: Activites/add]
in APPPATH/Controllers/ActiviteController.php on line 12.
 1 SYSTEMPATH/CodeIgniter.php(921): App\Controllers\ActiviteController->__construct()
 2 SYSTEMPATH/CodeIgniter.php(488): CodeIgniter\CodeIgniter->createController()
 3 SYSTEMPATH/CodeIgniter.php(340): CodeIgniter\CodeIgniter->handleRequest()
 4 SYSTEMPATH/Boot.php(417): CodeIgniter\CodeIgniter->run()
 5 SYSTEMPATH/Boot.php(68): CodeIgniter\Boot::runCodeIgniter()
 6 FCPATH/index.php(59): CodeIgniter\Boot::bootWeb()
CRITICAL - 2026-05-08 20:02:04 --> Error: Class "App\Models\Activite" not found
[Method: GET, Route: Activites/add]
in APPPATH/Controllers/ActiviteController.php on line 12.
 1 SYSTEMPATH/CodeIgniter.php(921): App\Controllers\ActiviteController->__construct()
 2 SYSTEMPATH/CodeIgniter.php(488): CodeIgniter\CodeIgniter->createController()
 3 SYSTEMPATH/CodeIgniter.php(340): CodeIgniter\CodeIgniter->handleRequest()
 4 SYSTEMPATH/Boot.php(417): CodeIgniter\CodeIgniter->run()
 5 SYSTEMPATH/Boot.php(68): CodeIgniter\Boot::runCodeIgniter()
 6 FCPATH/index.php(59): CodeIgniter\Boot::bootWeb()
CRITICAL - 2026-05-08 20:02:08 --> Error: Class "App\Models\Activite" not found
[Method: GET, Route: Activites/add]
in APPPATH/Controllers/ActiviteController.php on line 12.
 1 SYSTEMPATH/CodeIgniter.php(921): App\Controllers\ActiviteController->__construct()
 2 SYSTEMPATH/CodeIgniter.php(488): CodeIgniter\CodeIgniter->createController()
 3 SYSTEMPATH/CodeIgniter.php(340): CodeIgniter\CodeIgniter->handleRequest()
 4 SYSTEMPATH/Boot.php(417): CodeIgniter\CodeIgniter->run()
 5 SYSTEMPATH/Boot.php(68): CodeIgniter\Boot::runCodeIgniter()
 6 FCPATH/index.php(59): CodeIgniter\Boot::bootWeb()
CRITICAL - 2026-05-08 20:02:14 --> Error: Class "App\Models\Activite" not found
[Method: GET, Route: Activites/add]
in APPPATH/Controllers/ActiviteController.php on line 12.
 1 SYSTEMPATH/CodeIgniter.php(921): App\Controllers\ActiviteController->__construct()
 2 SYSTEMPATH/CodeIgniter.php(488): CodeIgniter\CodeIgniter->createController()
 3 SYSTEMPATH/CodeIgniter.php(340): CodeIgniter\CodeIgniter->handleRequest()
 4 SYSTEMPATH/Boot.php(417): CodeIgniter\CodeIgniter->run()
 5 SYSTEMPATH/Boot.php(68): CodeIgniter\Boot::runCodeIgniter()
 6 FCPATH/index.php(59): CodeIgniter\Boot::bootWeb()
CRITICAL - 2026-05-08 20:02:56 --> Error: Class "App\Models\Activite" not found
[Method: GET, Route: Activites/add]
in APPPATH/Controllers/ActiviteController.php on line 12.
 1 SYSTEMPATH/CodeIgniter.php(921): App\Controllers\ActiviteController->__construct()
 2 SYSTEMPATH/CodeIgniter.php(488): CodeIgniter\CodeIgniter->createController()
 3 SYSTEMPATH/CodeIgniter.php(340): CodeIgniter\CodeIgniter->handleRequest()
 4 SYSTEMPATH/Boot.php(417): CodeIgniter\CodeIgniter->run()
 5 SYSTEMPATH/Boot.php(68): CodeIgniter\Boot::runCodeIgniter()
 6 FCPATH/index.php(59): CodeIgniter\Boot::bootWeb()
CRITICAL - 2026-05-08 20:02:56 --> Error: Class "App\Models\Activite" not found
[Method: GET, Route: Activites/add]
in APPPATH/Controllers/ActiviteController.php on line 12.
 1 SYSTEMPATH/CodeIgniter.php(921): App\Controllers\ActiviteController->__construct()
 2 SYSTEMPATH/CodeIgniter.php(488): CodeIgniter\CodeIgniter->createController()
 3 SYSTEMPATH/CodeIgniter.php(340): CodeIgniter\CodeIgniter->handleRequest()
 4 SYSTEMPATH/Boot.php(417): CodeIgniter\CodeIgniter->run()
 5 SYSTEMPATH/Boot.php(68): CodeIgniter\Boot::runCodeIgniter()
 6 FCPATH/index.php(59): CodeIgniter\Boot::bootWeb()
CRITICAL - 2026-05-08 20:03:57 --> CodeIgniter\View\Exceptions\ViewException: Invalid file: "/activite/CrudActivite.php"
[Method: GET, Route: Activites/add]
in SYSTEMPATH/Exceptions/FrameworkException.php on line 39.
 1 SYSTEMPATH/View/View.php(228): CodeIgniter\Exceptions\FrameworkException::forInvalidFile()
 2 SYSTEMPATH/Common.php(1250): CodeIgniter\View\View->render()
 3 APPPATH/Controllers/ActiviteController.php(18): view()
 4 SYSTEMPATH/CodeIgniter.php(951): App\Controllers\ActiviteController->go_to_activite()
 5 SYSTEMPATH/CodeIgniter.php(497): CodeIgniter\CodeIgniter->runController()
 6 SYSTEMPATH/CodeIgniter.php(340): CodeIgniter\CodeIgniter->handleRequest()
 7 SYSTEMPATH/Boot.php(417): CodeIgniter\CodeIgniter->run()
 8 SYSTEMPATH/Boot.php(68): CodeIgniter\Boot::runCodeIgniter()
 9 FCPATH/index.php(59): CodeIgniter\Boot::bootWeb()
CRITICAL - 2026-05-08 20:03:57 --> CodeIgniter\View\Exceptions\ViewException: Invalid file: "/activite/CrudActivite.php"
[Method: GET, Route: Activites/add]
in SYSTEMPATH/Exceptions/FrameworkException.php on line 39.
 1 SYSTEMPATH/View/View.php(228): CodeIgniter\Exceptions\FrameworkException::forInvalidFile()
 2 SYSTEMPATH/Common.php(1250): CodeIgniter\View\View->render()
 3 APPPATH/Controllers/ActiviteController.php(18): view()
 4 SYSTEMPATH/CodeIgniter.php(951): App\Controllers\ActiviteController->go_to_activite()
 5 SYSTEMPATH/CodeIgniter.php(497): CodeIgniter\CodeIgniter->runController()
 6 SYSTEMPATH/CodeIgniter.php(340): CodeIgniter\CodeIgniter->handleRequest()
 7 SYSTEMPATH/Boot.php(417): CodeIgniter\CodeIgniter->run()
 8 SYSTEMPATH/Boot.php(68): CodeIgniter\Boot::runCodeIgniter()
 9 FCPATH/index.php(59): CodeIgniter\Boot::bootWeb()
CRITICAL - 2026-05-08 20:03:58 --> CodeIgniter\View\Exceptions\ViewException: Invalid file: "/activite/CrudActivite.php"
[Method: GET, Route: Activites/add]
in SYSTEMPATH/Exceptions/FrameworkException.php on line 39.
 1 SYSTEMPATH/View/View.php(228): CodeIgniter\Exceptions\FrameworkException::forInvalidFile()
 2 SYSTEMPATH/Common.php(1250): CodeIgniter\View\View->render()
 3 APPPATH/Controllers/ActiviteController.php(18): view()
 4 SYSTEMPATH/CodeIgniter.php(951): App\Controllers\ActiviteController->go_to_activite()
 5 SYSTEMPATH/CodeIgniter.php(497): CodeIgniter\CodeIgniter->runController()
 6 SYSTEMPATH/CodeIgniter.php(340): CodeIgniter\CodeIgniter->handleRequest()
 7 SYSTEMPATH/Boot.php(417): CodeIgniter\CodeIgniter->run()
 8 SYSTEMPATH/Boot.php(68): CodeIgniter\Boot::runCodeIgniter()
 9 FCPATH/index.php(59): CodeIgniter\Boot::bootWeb()
CRITICAL - 2026-05-08 20:03:58 --> CodeIgniter\View\Exceptions\ViewException: Invalid file: "/activite/CrudActivite.php"
[Method: GET, Route: Activites/add]
in SYSTEMPATH/Exceptions/FrameworkException.php on line 39.
 1 SYSTEMPATH/View/View.php(228): CodeIgniter\Exceptions\FrameworkException::forInvalidFile()
 2 SYSTEMPATH/Common.php(1250): CodeIgniter\View\View->render()
 3 APPPATH/Controllers/ActiviteController.php(18): view()
 4 SYSTEMPATH/CodeIgniter.php(951): App\Controllers\ActiviteController->go_to_activite()
 5 SYSTEMPATH/CodeIgniter.php(497): CodeIgniter\CodeIgniter->runController()
 6 SYSTEMPATH/CodeIgniter.php(340): CodeIgniter\CodeIgniter->handleRequest()
 7 SYSTEMPATH/Boot.php(417): CodeIgniter\CodeIgniter->run()
 8 SYSTEMPATH/Boot.php(68): CodeIgniter\Boot::runCodeIgniter()
 9 FCPATH/index.php(59): CodeIgniter\Boot::bootWeb()
CRITICAL - 2026-05-08 20:04:02 --> CodeIgniter\View\Exceptions\ViewException: Invalid file: "/activite/CrudActivite.php"
[Method: GET, Route: Activites/add]
in SYSTEMPATH/Exceptions/FrameworkException.php on line 39.
 1 SYSTEMPATH/View/View.php(228): CodeIgniter\Exceptions\FrameworkException::forInvalidFile()
 2 SYSTEMPATH/Common.php(1250): CodeIgniter\View\View->render()
 3 APPPATH/Controllers/ActiviteController.php(18): view()
 4 SYSTEMPATH/CodeIgniter.php(951): App\Controllers\ActiviteController->go_to_activite()
 5 SYSTEMPATH/CodeIgniter.php(497): CodeIgniter\CodeIgniter->runController()
 6 SYSTEMPATH/CodeIgniter.php(340): CodeIgniter\CodeIgniter->handleRequest()
 7 SYSTEMPATH/Boot.php(417): CodeIgniter\CodeIgniter->run()
 8 SYSTEMPATH/Boot.php(68): CodeIgniter\Boot::runCodeIgniter()
 9 FCPATH/index.php(59): CodeIgniter\Boot::bootWeb()
CRITICAL - 2026-05-08 20:04:16 --> CodeIgniter\View\Exceptions\ViewException: Invalid file: "/activite/CrudActivites.php"
[Method: GET, Route: Activites/add]
in SYSTEMPATH/Exceptions/FrameworkException.php on line 39.
 1 SYSTEMPATH/View/View.php(228): CodeIgniter\Exceptions\FrameworkException::forInvalidFile()
 2 SYSTEMPATH/Common.php(1250): CodeIgniter\View\View->render()
 3 APPPATH/Controllers/ActiviteController.php(18): view()
 4 SYSTEMPATH/CodeIgniter.php(951): App\Controllers\ActiviteController->go_to_activite()
 5 SYSTEMPATH/CodeIgniter.php(497): CodeIgniter\CodeIgniter->runController()
 6 SYSTEMPATH/CodeIgniter.php(340): CodeIgniter\CodeIgniter->handleRequest()
 7 SYSTEMPATH/Boot.php(417): CodeIgniter\CodeIgniter->run()
 8 SYSTEMPATH/Boot.php(68): CodeIgniter\Boot::runCodeIgniter()
 9 FCPATH/index.php(59): CodeIgniter\Boot::bootWeb()
CRITICAL - 2026-05-08 20:04:17 --> CodeIgniter\View\Exceptions\ViewException: Invalid file: "/activite/CrudActivites.php"
[Method: GET, Route: Activites/add]
in SYSTEMPATH/Exceptions/FrameworkException.php on line 39.
 1 SYSTEMPATH/View/View.php(228): CodeIgniter\Exceptions\FrameworkException::forInvalidFile()
 2 SYSTEMPATH/Common.php(1250): CodeIgniter\View\View->render()
 3 APPPATH/Controllers/ActiviteController.php(18): view()
 4 SYSTEMPATH/CodeIgniter.php(951): App\Controllers\ActiviteController->go_to_activite()
 5 SYSTEMPATH/CodeIgniter.php(497): CodeIgniter\CodeIgniter->runController()
 6 SYSTEMPATH/CodeIgniter.php(340): CodeIgniter\CodeIgniter->handleRequest()
 7 SYSTEMPATH/Boot.php(417): CodeIgniter\CodeIgniter->run()
 8 SYSTEMPATH/Boot.php(68): CodeIgniter\Boot::runCodeIgniter()
 9 FCPATH/index.php(59): CodeIgniter\Boot::bootWeb()
CRITICAL - 2026-05-08 20:04:17 --> CodeIgniter\View\Exceptions\ViewException: Invalid file: "/activite/CrudActivites.php"
[Method: GET, Route: Activites/add]
in SYSTEMPATH/Exceptions/FrameworkException.php on line 39.
 1 SYSTEMPATH/View/View.php(228): CodeIgniter\Exceptions\FrameworkException::forInvalidFile()
 2 SYSTEMPATH/Common.php(1250): CodeIgniter\View\View->render()
 3 APPPATH/Controllers/ActiviteController.php(18): view()
 4 SYSTEMPATH/CodeIgniter.php(951): App\Controllers\ActiviteController->go_to_activite()
 5 SYSTEMPATH/CodeIgniter.php(497): CodeIgniter\CodeIgniter->runController()
 6 SYSTEMPATH/CodeIgniter.php(340): CodeIgniter\CodeIgniter->handleRequest()
 7 SYSTEMPATH/Boot.php(417): CodeIgniter\CodeIgniter->run()
 8 SYSTEMPATH/Boot.php(68): CodeIgniter\Boot::runCodeIgniter()
 9 FCPATH/index.php(59): CodeIgniter\Boot::bootWeb()
CRITICAL - 2026-05-08 20:04:20 --> CodeIgniter\View\Exceptions\ViewException: Invalid file: "/activite/CrudActivites.php"
[Method: GET, Route: Activites/add]
in SYSTEMPATH/Exceptions/FrameworkException.php on line 39.
 1 SYSTEMPATH/View/View.php(228): CodeIgniter\Exceptions\FrameworkException::forInvalidFile()
 2 SYSTEMPATH/Common.php(1250): CodeIgniter\View\View->render()
 3 APPPATH/Controllers/ActiviteController.php(18): view()
 4 SYSTEMPATH/CodeIgniter.php(951): App\Controllers\ActiviteController->go_to_activite()
 5 SYSTEMPATH/CodeIgniter.php(497): CodeIgniter\CodeIgniter->runController()
 6 SYSTEMPATH/CodeIgniter.php(340): CodeIgniter\CodeIgniter->handleRequest()
 7 SYSTEMPATH/Boot.php(417): CodeIgniter\CodeIgniter->run()
 8 SYSTEMPATH/Boot.php(68): CodeIgniter\Boot::runCodeIgniter()
 9 FCPATH/index.php(59): CodeIgniter\Boot::bootWeb()
CRITICAL - 2026-05-08 20:06:39 --> ErrorException: Undefined variable $activite
[Method: GET, Route: Activites/add]
in APPPATH/Views/activites/CrudActivites.php on line 26.
 1 APPPATH/Views/activites/CrudActivites.php(26): CodeIgniter\Debug\Exceptions->errorHandler()
 2 SYSTEMPATH/View/View.php(240): include('/home/user/Documents/GITHUB1/Regime_vrai/app/Views/activites/CrudActivites.php')
 3 SYSTEMPATH/View/View.php(243): CodeIgniter\View\View->CodeIgniter\View\{closure}()
 4 SYSTEMPATH/Common.php(1250): CodeIgniter\View\View->render()
 5 APPPATH/Controllers/ActiviteController.php(18): view()
 6 SYSTEMPATH/CodeIgniter.php(951): App\Controllers\ActiviteController->go_to_activite()
 7 SYSTEMPATH/CodeIgniter.php(497): CodeIgniter\CodeIgniter->runController()
 8 SYSTEMPATH/CodeIgniter.php(340): CodeIgniter\CodeIgniter->handleRequest()
 9 SYSTEMPATH/Boot.php(417): CodeIgniter\CodeIgniter->run()
10 SYSTEMPATH/Boot.php(68): CodeIgniter\Boot::runCodeIgniter()
11 FCPATH/index.php(59): CodeIgniter\Boot::bootWeb()
CRITICAL - 2026-05-08 20:06:39 --> ErrorException: Undefined variable $activite
[Method: GET, Route: Activites/add]
in APPPATH/Views/activites/CrudActivites.php on line 26.
 1 APPPATH/Views/activites/CrudActivites.php(26): CodeIgniter\Debug\Exceptions->errorHandler()
 2 SYSTEMPATH/View/View.php(240): include('/home/user/Documents/GITHUB1/Regime_vrai/app/Views/activites/CrudActivites.php')
 3 SYSTEMPATH/View/View.php(243): CodeIgniter\View\View->CodeIgniter\View\{closure}()
 4 SYSTEMPATH/Common.php(1250): CodeIgniter\View\View->render()
 5 APPPATH/Controllers/ActiviteController.php(18): view()
 6 SYSTEMPATH/CodeIgniter.php(951): App\Controllers\ActiviteController->go_to_activite()
 7 SYSTEMPATH/CodeIgniter.php(497): CodeIgniter\CodeIgniter->runController()
 8 SYSTEMPATH/CodeIgniter.php(340): CodeIgniter\CodeIgniter->handleRequest()
 9 SYSTEMPATH/Boot.php(417): CodeIgniter\CodeIgniter->run()
10 SYSTEMPATH/Boot.php(68): CodeIgniter\Boot::runCodeIgniter()
11 FCPATH/index.php(59): CodeIgniter\Boot::bootWeb()
CRITICAL - 2026-05-08 20:06:39 --> ErrorException: Undefined variable $activite
[Method: GET, Route: Activites/add]
in APPPATH/Views/activites/CrudActivites.php on line 26.
 1 APPPATH/Views/activites/CrudActivites.php(26): CodeIgniter\Debug\Exceptions->errorHandler()
 2 SYSTEMPATH/View/View.php(240): include('/home/user/Documents/GITHUB1/Regime_vrai/app/Views/activites/CrudActivites.php')
 3 SYSTEMPATH/View/View.php(243): CodeIgniter\View\View->CodeIgniter\View\{closure}()
 4 SYSTEMPATH/Common.php(1250): CodeIgniter\View\View->render()
 5 APPPATH/Controllers/ActiviteController.php(18): view()
 6 SYSTEMPATH/CodeIgniter.php(951): App\Controllers\ActiviteController->go_to_activite()
 7 SYSTEMPATH/CodeIgniter.php(497): CodeIgniter\CodeIgniter->runController()
 8 SYSTEMPATH/CodeIgniter.php(340): CodeIgniter\CodeIgniter->handleRequest()
 9 SYSTEMPATH/Boot.php(417): CodeIgniter\CodeIgniter->run()
10 SYSTEMPATH/Boot.php(68): CodeIgniter\Boot::runCodeIgniter()
11 FCPATH/index.php(59): CodeIgniter\Boot::bootWeb()
CRITICAL - 2026-05-08 20:06:40 --> ErrorException: Undefined variable $activite
[Method: GET, Route: Activites/add]
in APPPATH/Views/activites/CrudActivites.php on line 26.
 1 APPPATH/Views/activites/CrudActivites.php(26): CodeIgniter\Debug\Exceptions->errorHandler()
 2 SYSTEMPATH/View/View.php(240): include('/home/user/Documents/GITHUB1/Regime_vrai/app/Views/activites/CrudActivites.php')
 3 SYSTEMPATH/View/View.php(243): CodeIgniter\View\View->CodeIgniter\View\{closure}()
 4 SYSTEMPATH/Common.php(1250): CodeIgniter\View\View->render()
 5 APPPATH/Controllers/ActiviteController.php(18): view()
 6 SYSTEMPATH/CodeIgniter.php(951): App\Controllers\ActiviteController->go_to_activite()
 7 SYSTEMPATH/CodeIgniter.php(497): CodeIgniter\CodeIgniter->runController()
 8 SYSTEMPATH/CodeIgniter.php(340): CodeIgniter\CodeIgniter->handleRequest()
 9 SYSTEMPATH/Boot.php(417): CodeIgniter\CodeIgniter->run()
10 SYSTEMPATH/Boot.php(68): CodeIgniter\Boot::runCodeIgniter()
11 FCPATH/index.php(59): CodeIgniter\Boot::bootWeb()
CRITICAL - 2026-05-08 20:06:40 --> ErrorException: Undefined variable $activite
[Method: GET, Route: Activites/add]
in APPPATH/Views/activites/CrudActivites.php on line 26.
 1 APPPATH/Views/activites/CrudActivites.php(26): CodeIgniter\Debug\Exceptions->errorHandler()
 2 SYSTEMPATH/View/View.php(240): include('/home/user/Documents/GITHUB1/Regime_vrai/app/Views/activites/CrudActivites.php')
 3 SYSTEMPATH/View/View.php(243): CodeIgniter\View\View->CodeIgniter\View\{closure}()
 4 SYSTEMPATH/Common.php(1250): CodeIgniter\View\View->render()
 5 APPPATH/Controllers/ActiviteController.php(18): view()
 6 SYSTEMPATH/CodeIgniter.php(951): App\Controllers\ActiviteController->go_to_activite()
 7 SYSTEMPATH/CodeIgniter.php(497): CodeIgniter\CodeIgniter->runController()
 8 SYSTEMPATH/CodeIgniter.php(340): CodeIgniter\CodeIgniter->handleRequest()
 9 SYSTEMPATH/Boot.php(417): CodeIgniter\CodeIgniter->run()
10 SYSTEMPATH/Boot.php(68): CodeIgniter\Boot::runCodeIgniter()
11 FCPATH/index.php(59): CodeIgniter\Boot::bootWeb()
CRITICAL - 2026-05-08 20:06:47 --> ErrorException: Undefined variable $activite
[Method: GET, Route: Activites/add]
in APPPATH/Views/activites/CrudActivites.php on line 26.
 1 APPPATH/Views/activites/CrudActivites.php(26): CodeIgniter\Debug\Exceptions->errorHandler()
 2 SYSTEMPATH/View/View.php(240): include('/home/user/Documents/GITHUB1/Regime_vrai/app/Views/activites/CrudActivites.php')
 3 SYSTEMPATH/View/View.php(243): CodeIgniter\View\View->CodeIgniter\View\{closure}()
 4 SYSTEMPATH/Common.php(1250): CodeIgniter\View\View->render()
 5 APPPATH/Controllers/ActiviteController.php(18): view()
 6 SYSTEMPATH/CodeIgniter.php(951): App\Controllers\ActiviteController->go_to_activite()
 7 SYSTEMPATH/CodeIgniter.php(497): CodeIgniter\CodeIgniter->runController()
 8 SYSTEMPATH/CodeIgniter.php(340): CodeIgniter\CodeIgniter->handleRequest()
 9 SYSTEMPATH/Boot.php(417): CodeIgniter\CodeIgniter->run()
10 SYSTEMPATH/Boot.php(68): CodeIgniter\Boot::runCodeIgniter()
11 FCPATH/index.php(59): CodeIgniter\Boot::bootWeb()
CRITICAL - 2026-05-08 20:15:37 --> CodeIgniter\View\Exceptions\ViewException: Invalid file: "/activite/EditActivite.php"
[Method: GET, Route: Activite/update/1]
in SYSTEMPATH/Exceptions/FrameworkException.php on line 39.
 1 SYSTEMPATH/View/View.php(228): CodeIgniter\Exceptions\FrameworkException::forInvalidFile()
 2 SYSTEMPATH/Common.php(1250): CodeIgniter\View\View->render()
 3 APPPATH/Controllers/ActiviteController.php(34): view()
 4 SYSTEMPATH/CodeIgniter.php(951): App\Controllers\ActiviteController->update()
 5 SYSTEMPATH/CodeIgniter.php(497): CodeIgniter\CodeIgniter->runController()
 6 SYSTEMPATH/CodeIgniter.php(340): CodeIgniter\CodeIgniter->handleRequest()
 7 SYSTEMPATH/Boot.php(417): CodeIgniter\CodeIgniter->run()
 8 SYSTEMPATH/Boot.php(68): CodeIgniter\Boot::runCodeIgniter()
 9 FCPATH/index.php(59): CodeIgniter\Boot::bootWeb()
CRITICAL - 2026-05-08 20:15:57 --> CodeIgniter\View\Exceptions\ViewException: Invalid file: "/activite/EditActivite.php"
[Method: GET, Route: Activites/update/1]
in SYSTEMPATH/Exceptions/FrameworkException.php on line 39.
 1 SYSTEMPATH/View/View.php(228): CodeIgniter\Exceptions\FrameworkException::forInvalidFile()
 2 SYSTEMPATH/Common.php(1250): CodeIgniter\View\View->render()
 3 APPPATH/Controllers/ActiviteController.php(34): view()
 4 SYSTEMPATH/CodeIgniter.php(951): App\Controllers\ActiviteController->update()
 5 SYSTEMPATH/CodeIgniter.php(497): CodeIgniter\CodeIgniter->runController()
 6 SYSTEMPATH/CodeIgniter.php(340): CodeIgniter\CodeIgniter->handleRequest()
 7 SYSTEMPATH/Boot.php(417): CodeIgniter\CodeIgniter->run()
 8 SYSTEMPATH/Boot.php(68): CodeIgniter\Boot::runCodeIgniter()
 9 FCPATH/index.php(59): CodeIgniter\Boot::bootWeb()
CRITICAL - 2026-05-08 20:16:58 --> CodeIgniter\View\Exceptions\ViewException: Invalid file: "/activite/EditActivite.php"
[Method: GET, Route: Activites/update/1]
in SYSTEMPATH/Exceptions/FrameworkException.php on line 39.
 1 SYSTEMPATH/View/View.php(228): CodeIgniter\Exceptions\FrameworkException::forInvalidFile()
 2 SYSTEMPATH/Common.php(1250): CodeIgniter\View\View->render()
 3 APPPATH/Controllers/ActiviteController.php(34): view()
 4 SYSTEMPATH/CodeIgniter.php(951): App\Controllers\ActiviteController->update()
 5 SYSTEMPATH/CodeIgniter.php(497): CodeIgniter\CodeIgniter->runController()
 6 SYSTEMPATH/CodeIgniter.php(340): CodeIgniter\CodeIgniter->handleRequest()
 7 SYSTEMPATH/Boot.php(417): CodeIgniter\CodeIgniter->run()
 8 SYSTEMPATH/Boot.php(68): CodeIgniter\Boot::runCodeIgniter()
 9 FCPATH/index.php(59): CodeIgniter\Boot::bootWeb()
CRITICAL - 2026-05-08 20:16:58 --> CodeIgniter\View\Exceptions\ViewException: Invalid file: "/activite/EditActivite.php"
[Method: GET, Route: Activites/update/1]
in SYSTEMPATH/Exceptions/FrameworkException.php on line 39.
 1 SYSTEMPATH/View/View.php(228): CodeIgniter\Exceptions\FrameworkException::forInvalidFile()
 2 SYSTEMPATH/Common.php(1250): CodeIgniter\View\View->render()
 3 APPPATH/Controllers/ActiviteController.php(34): view()
 4 SYSTEMPATH/CodeIgniter.php(951): App\Controllers\ActiviteController->update()
 5 SYSTEMPATH/CodeIgniter.php(497): CodeIgniter\CodeIgniter->runController()
 6 SYSTEMPATH/CodeIgniter.php(340): CodeIgniter\CodeIgniter->handleRequest()
 7 SYSTEMPATH/Boot.php(417): CodeIgniter\CodeIgniter->run()
 8 SYSTEMPATH/Boot.php(68): CodeIgniter\Boot::runCodeIgniter()
 9 FCPATH/index.php(59): CodeIgniter\Boot::bootWeb()
CRITICAL - 2026-05-08 20:16:58 --> CodeIgniter\View\Exceptions\ViewException: Invalid file: "/activite/EditActivite.php"
[Method: GET, Route: Activites/update/1]
in SYSTEMPATH/Exceptions/FrameworkException.php on line 39.
 1 SYSTEMPATH/View/View.php(228): CodeIgniter\Exceptions\FrameworkException::forInvalidFile()
 2 SYSTEMPATH/Common.php(1250): CodeIgniter\View\View->render()
 3 APPPATH/Controllers/ActiviteController.php(34): view()
 4 SYSTEMPATH/CodeIgniter.php(951): App\Controllers\ActiviteController->update()
 5 SYSTEMPATH/CodeIgniter.php(497): CodeIgniter\CodeIgniter->runController()
 6 SYSTEMPATH/CodeIgniter.php(340): CodeIgniter\CodeIgniter->handleRequest()
 7 SYSTEMPATH/Boot.php(417): CodeIgniter\CodeIgniter->run()
 8 SYSTEMPATH/Boot.php(68): CodeIgniter\Boot::runCodeIgniter()
 9 FCPATH/index.php(59): CodeIgniter\Boot::bootWeb()
CRITICAL - 2026-05-08 20:16:58 --> CodeIgniter\View\Exceptions\ViewException: Invalid file: "/activite/EditActivite.php"
[Method: GET, Route: Activites/update/1]
in SYSTEMPATH/Exceptions/FrameworkException.php on line 39.
 1 SYSTEMPATH/View/View.php(228): CodeIgniter\Exceptions\FrameworkException::forInvalidFile()
 2 SYSTEMPATH/Common.php(1250): CodeIgniter\View\View->render()
 3 APPPATH/Controllers/ActiviteController.php(34): view()
 4 SYSTEMPATH/CodeIgniter.php(951): App\Controllers\ActiviteController->update()
 5 SYSTEMPATH/CodeIgniter.php(497): CodeIgniter\CodeIgniter->runController()
 6 SYSTEMPATH/CodeIgniter.php(340): CodeIgniter\CodeIgniter->handleRequest()
 7 SYSTEMPATH/Boot.php(417): CodeIgniter\CodeIgniter->run()
 8 SYSTEMPATH/Boot.php(68): CodeIgniter\Boot::runCodeIgniter()
 9 FCPATH/index.php(59): CodeIgniter\Boot::bootWeb()
CRITICAL - 2026-05-08 20:32:45 --> ErrorException: Undefined variable $liste_regime
[Method: GET, Route: Activites/add]
in APPPATH/Views/activites/CrudActivites.php on line 102.
 1 APPPATH/Views/activites/CrudActivites.php(102): CodeIgniter\Debug\Exceptions->errorHandler()
 2 SYSTEMPATH/View/View.php(240): include('/home/user/Documents/GITHUB1/Regime_vrai/app/Views/activites/CrudActivites.php')
 3 SYSTEMPATH/View/View.php(243): CodeIgniter\View\View->CodeIgniter\View\{closure}()
 4 SYSTEMPATH/Common.php(1250): CodeIgniter\View\View->render()
 5 APPPATH/Controllers/ActiviteController.php(18): view()
 6 SYSTEMPATH/CodeIgniter.php(951): App\Controllers\ActiviteController->go_to_activite()
 7 SYSTEMPATH/CodeIgniter.php(497): CodeIgniter\CodeIgniter->runController()
 8 SYSTEMPATH/CodeIgniter.php(340): CodeIgniter\CodeIgniter->handleRequest()
 9 SYSTEMPATH/Boot.php(417): CodeIgniter\CodeIgniter->run()
10 SYSTEMPATH/Boot.php(68): CodeIgniter\Boot::runCodeIgniter()
11 FCPATH/index.php(59): CodeIgniter\Boot::bootWeb()
CRITICAL - 2026-05-08 20:32:46 --> ErrorException: Undefined variable $liste_regime
[Method: GET, Route: Activites/add]
in APPPATH/Views/activites/CrudActivites.php on line 102.
 1 APPPATH/Views/activites/CrudActivites.php(102): CodeIgniter\Debug\Exceptions->errorHandler()
 2 SYSTEMPATH/View/View.php(240): include('/home/user/Documents/GITHUB1/Regime_vrai/app/Views/activites/CrudActivites.php')
 3 SYSTEMPATH/View/View.php(243): CodeIgniter\View\View->CodeIgniter\View\{closure}()
 4 SYSTEMPATH/Common.php(1250): CodeIgniter\View\View->render()
 5 APPPATH/Controllers/ActiviteController.php(18): view()
 6 SYSTEMPATH/CodeIgniter.php(951): App\Controllers\ActiviteController->go_to_activite()
 7 SYSTEMPATH/CodeIgniter.php(497): CodeIgniter\CodeIgniter->runController()
 8 SYSTEMPATH/CodeIgniter.php(340): CodeIgniter\CodeIgniter->handleRequest()
 9 SYSTEMPATH/Boot.php(417): CodeIgniter\CodeIgniter->run()
10 SYSTEMPATH/Boot.php(68): CodeIgniter\Boot::runCodeIgniter()
11 FCPATH/index.php(59): CodeIgniter\Boot::bootWeb()
CRITICAL - 2026-05-08 20:32:46 --> ErrorException: Undefined variable $liste_regime
[Method: GET, Route: Activites/add]
in APPPATH/Views/activites/CrudActivites.php on line 102.
 1 APPPATH/Views/activites/CrudActivites.php(102): CodeIgniter\Debug\Exceptions->errorHandler()
 2 SYSTEMPATH/View/View.php(240): include('/home/user/Documents/GITHUB1/Regime_vrai/app/Views/activites/CrudActivites.php')
 3 SYSTEMPATH/View/View.php(243): CodeIgniter\View\View->CodeIgniter\View\{closure}()
 4 SYSTEMPATH/Common.php(1250): CodeIgniter\View\View->render()
 5 APPPATH/Controllers/ActiviteController.php(18): view()
 6 SYSTEMPATH/CodeIgniter.php(951): App\Controllers\ActiviteController->go_to_activite()
 7 SYSTEMPATH/CodeIgniter.php(497): CodeIgniter\CodeIgniter->runController()
 8 SYSTEMPATH/CodeIgniter.php(340): CodeIgniter\CodeIgniter->handleRequest()
 9 SYSTEMPATH/Boot.php(417): CodeIgniter\CodeIgniter->run()
10 SYSTEMPATH/Boot.php(68): CodeIgniter\Boot::runCodeIgniter()
11 FCPATH/index.php(59): CodeIgniter\Boot::bootWeb()
CRITICAL - 2026-05-08 20:32:46 --> ErrorException: Undefined variable $liste_regime
[Method: GET, Route: Activites/add]
in APPPATH/Views/activites/CrudActivites.php on line 102.
 1 APPPATH/Views/activites/CrudActivites.php(102): CodeIgniter\Debug\Exceptions->errorHandler()
 2 SYSTEMPATH/View/View.php(240): include('/home/user/Documents/GITHUB1/Regime_vrai/app/Views/activites/CrudActivites.php')
 3 SYSTEMPATH/View/View.php(243): CodeIgniter\View\View->CodeIgniter\View\{closure}()
 4 SYSTEMPATH/Common.php(1250): CodeIgniter\View\View->render()
 5 APPPATH/Controllers/ActiviteController.php(18): view()
 6 SYSTEMPATH/CodeIgniter.php(951): App\Controllers\ActiviteController->go_to_activite()
 7 SYSTEMPATH/CodeIgniter.php(497): CodeIgniter\CodeIgniter->runController()
 8 SYSTEMPATH/CodeIgniter.php(340): CodeIgniter\CodeIgniter->handleRequest()
 9 SYSTEMPATH/Boot.php(417): CodeIgniter\CodeIgniter->run()
10 SYSTEMPATH/Boot.php(68): CodeIgniter\Boot::runCodeIgniter()
11 FCPATH/index.php(59): CodeIgniter\Boot::bootWeb()
CRITICAL - 2026-05-08 20:32:46 --> ErrorException: Undefined variable $liste_regime
[Method: GET, Route: Activites/add]
in APPPATH/Views/activites/CrudActivites.php on line 102.
 1 APPPATH/Views/activites/CrudActivites.php(102): CodeIgniter\Debug\Exceptions->errorHandler()
 2 SYSTEMPATH/View/View.php(240): include('/home/user/Documents/GITHUB1/Regime_vrai/app/Views/activites/CrudActivites.php')
 3 SYSTEMPATH/View/View.php(243): CodeIgniter\View\View->CodeIgniter\View\{closure}()
 4 SYSTEMPATH/Common.php(1250): CodeIgniter\View\View->render()
 5 APPPATH/Controllers/ActiviteController.php(18): view()
 6 SYSTEMPATH/CodeIgniter.php(951): App\Controllers\ActiviteController->go_to_activite()
 7 SYSTEMPATH/CodeIgniter.php(497): CodeIgniter\CodeIgniter->runController()
 8 SYSTEMPATH/CodeIgniter.php(340): CodeIgniter\CodeIgniter->handleRequest()
 9 SYSTEMPATH/Boot.php(417): CodeIgniter\CodeIgniter->run()
10 SYSTEMPATH/Boot.php(68): CodeIgniter\Boot::runCodeIgniter()
11 FCPATH/index.php(59): CodeIgniter\Boot::bootWeb()
CRITICAL - 2026-05-08 20:32:46 --> ErrorException: Undefined variable $liste_regime
[Method: GET, Route: Activites/add]
in APPPATH/Views/activites/CrudActivites.php on line 102.
 1 APPPATH/Views/activites/CrudActivites.php(102): CodeIgniter\Debug\Exceptions->errorHandler()
 2 SYSTEMPATH/View/View.php(240): include('/home/user/Documents/GITHUB1/Regime_vrai/app/Views/activites/CrudActivites.php')
 3 SYSTEMPATH/View/View.php(243): CodeIgniter\View\View->CodeIgniter\View\{closure}()
 4 SYSTEMPATH/Common.php(1250): CodeIgniter\View\View->render()
 5 APPPATH/Controllers/ActiviteController.php(18): view()
 6 SYSTEMPATH/CodeIgniter.php(951): App\Controllers\ActiviteController->go_to_activite()
 7 SYSTEMPATH/CodeIgniter.php(497): CodeIgniter\CodeIgniter->runController()
 8 SYSTEMPATH/CodeIgniter.php(340): CodeIgniter\CodeIgniter->handleRequest()
 9 SYSTEMPATH/Boot.php(417): CodeIgniter\CodeIgniter->run()
10 SYSTEMPATH/Boot.php(68): CodeIgniter\Boot::runCodeIgniter()
11 FCPATH/index.php(59): CodeIgniter\Boot::bootWeb()
CRITICAL - 2026-05-08 20:32:47 --> ErrorException: Undefined variable $liste_regime
[Method: GET, Route: Activites/add]
in APPPATH/Views/activites/CrudActivites.php on line 102.
 1 APPPATH/Views/activites/CrudActivites.php(102): CodeIgniter\Debug\Exceptions->errorHandler()
 2 SYSTEMPATH/View/View.php(240): include('/home/user/Documents/GITHUB1/Regime_vrai/app/Views/activites/CrudActivites.php')
 3 SYSTEMPATH/View/View.php(243): CodeIgniter\View\View->CodeIgniter\View\{closure}()
 4 SYSTEMPATH/Common.php(1250): CodeIgniter\View\View->render()
 5 APPPATH/Controllers/ActiviteController.php(18): view()
 6 SYSTEMPATH/CodeIgniter.php(951): App\Controllers\ActiviteController->go_to_activite()
 7 SYSTEMPATH/CodeIgniter.php(497): CodeIgniter\CodeIgniter->runController()
 8 SYSTEMPATH/CodeIgniter.php(340): CodeIgniter\CodeIgniter->handleRequest()
 9 SYSTEMPATH/Boot.php(417): CodeIgniter\CodeIgniter->run()
10 SYSTEMPATH/Boot.php(68): CodeIgniter\Boot::runCodeIgniter()
11 FCPATH/index.php(59): CodeIgniter\Boot::bootWeb()
CRITICAL - 2026-05-08 20:34:19 --> ErrorException: Undefined variable $liste_regime
[Method: GET, Route: Activites/add]
in APPPATH/Views/activites/CrudActivites.php on line 102.
 1 APPPATH/Views/activites/CrudActivites.php(102): CodeIgniter\Debug\Exceptions->errorHandler()
 2 SYSTEMPATH/View/View.php(240): include('/home/user/Documents/GITHUB1/Regime_vrai/app/Views/activites/CrudActivites.php')
 3 SYSTEMPATH/View/View.php(243): CodeIgniter\View\View->CodeIgniter\View\{closure}()
 4 SYSTEMPATH/Common.php(1250): CodeIgniter\View\View->render()
 5 APPPATH/Controllers/ActiviteController.php(18): view()
 6 SYSTEMPATH/CodeIgniter.php(951): App\Controllers\ActiviteController->go_to_activite()
 7 SYSTEMPATH/CodeIgniter.php(497): CodeIgniter\CodeIgniter->runController()
 8 SYSTEMPATH/CodeIgniter.php(340): CodeIgniter\CodeIgniter->handleRequest()
 9 SYSTEMPATH/Boot.php(417): CodeIgniter\CodeIgniter->run()
10 SYSTEMPATH/Boot.php(68): CodeIgniter\Boot::runCodeIgniter()
11 FCPATH/index.php(59): CodeIgniter\Boot::bootWeb()
CRITICAL - 2026-05-08 20:34:20 --> ErrorException: Undefined variable $liste_regime
[Method: GET, Route: Activites/add]
in APPPATH/Views/activites/CrudActivites.php on line 102.
 1 APPPATH/Views/activites/CrudActivites.php(102): CodeIgniter\Debug\Exceptions->errorHandler()
 2 SYSTEMPATH/View/View.php(240): include('/home/user/Documents/GITHUB1/Regime_vrai/app/Views/activites/CrudActivites.php')
 3 SYSTEMPATH/View/View.php(243): CodeIgniter\View\View->CodeIgniter\View\{closure}()
 4 SYSTEMPATH/Common.php(1250): CodeIgniter\View\View->render()
 5 APPPATH/Controllers/ActiviteController.php(18): view()
 6 SYSTEMPATH/CodeIgniter.php(951): App\Controllers\ActiviteController->go_to_activite()
 7 SYSTEMPATH/CodeIgniter.php(497): CodeIgniter\CodeIgniter->runController()
 8 SYSTEMPATH/CodeIgniter.php(340): CodeIgniter\CodeIgniter->handleRequest()
 9 SYSTEMPATH/Boot.php(417): CodeIgniter\CodeIgniter->run()
10 SYSTEMPATH/Boot.php(68): CodeIgniter\Boot::runCodeIgniter()
11 FCPATH/index.php(59): CodeIgniter\Boot::bootWeb()
CRITICAL - 2026-05-08 20:34:20 --> ErrorException: Undefined variable $liste_regime
[Method: GET, Route: Activites/add]
in APPPATH/Views/activites/CrudActivites.php on line 102.
 1 APPPATH/Views/activites/CrudActivites.php(102): CodeIgniter\Debug\Exceptions->errorHandler()
 2 SYSTEMPATH/View/View.php(240): include('/home/user/Documents/GITHUB1/Regime_vrai/app/Views/activites/CrudActivites.php')
 3 SYSTEMPATH/View/View.php(243): CodeIgniter\View\View->CodeIgniter\View\{closure}()
 4 SYSTEMPATH/Common.php(1250): CodeIgniter\View\View->render()
 5 APPPATH/Controllers/ActiviteController.php(18): view()
 6 SYSTEMPATH/CodeIgniter.php(951): App\Controllers\ActiviteController->go_to_activite()
 7 SYSTEMPATH/CodeIgniter.php(497): CodeIgniter\CodeIgniter->runController()
 8 SYSTEMPATH/CodeIgniter.php(340): CodeIgniter\CodeIgniter->handleRequest()
 9 SYSTEMPATH/Boot.php(417): CodeIgniter\CodeIgniter->run()
10 SYSTEMPATH/Boot.php(68): CodeIgniter\Boot::runCodeIgniter()
11 FCPATH/index.php(59): CodeIgniter\Boot::bootWeb()
CRITICAL - 2026-05-08 20:34:20 --> ErrorException: Undefined variable $liste_regime
[Method: GET, Route: Activites/add]
in APPPATH/Views/activites/CrudActivites.php on line 102.
 1 APPPATH/Views/activites/CrudActivites.php(102): CodeIgniter\Debug\Exceptions->errorHandler()
 2 SYSTEMPATH/View/View.php(240): include('/home/user/Documents/GITHUB1/Regime_vrai/app/Views/activites/CrudActivites.php')
 3 SYSTEMPATH/View/View.php(243): CodeIgniter\View\View->CodeIgniter\View\{closure}()
 4 SYSTEMPATH/Common.php(1250): CodeIgniter\View\View->render()
 5 APPPATH/Controllers/ActiviteController.php(18): view()
 6 SYSTEMPATH/CodeIgniter.php(951): App\Controllers\ActiviteController->go_to_activite()
 7 SYSTEMPATH/CodeIgniter.php(497): CodeIgniter\CodeIgniter->runController()
 8 SYSTEMPATH/CodeIgniter.php(340): CodeIgniter\CodeIgniter->handleRequest()
 9 SYSTEMPATH/Boot.php(417): CodeIgniter\CodeIgniter->run()
10 SYSTEMPATH/Boot.php(68): CodeIgniter\Boot::runCodeIgniter()
11 FCPATH/index.php(59): CodeIgniter\Boot::bootWeb()
CRITICAL - 2026-05-08 20:34:25 --> ErrorException: Undefined variable $liste_regime
[Method: GET, Route: Activites/add]
in APPPATH/Views/activites/CrudActivites.php on line 102.
 1 APPPATH/Views/activites/CrudActivites.php(102): CodeIgniter\Debug\Exceptions->errorHandler()
 2 SYSTEMPATH/View/View.php(240): include('/home/user/Documents/GITHUB1/Regime_vrai/app/Views/activites/CrudActivites.php')
 3 SYSTEMPATH/View/View.php(243): CodeIgniter\View\View->CodeIgniter\View\{closure}()
 4 SYSTEMPATH/Common.php(1250): CodeIgniter\View\View->render()
 5 APPPATH/Controllers/ActiviteController.php(18): view()
 6 SYSTEMPATH/CodeIgniter.php(951): App\Controllers\ActiviteController->go_to_activite()
 7 SYSTEMPATH/CodeIgniter.php(497): CodeIgniter\CodeIgniter->runController()
 8 SYSTEMPATH/CodeIgniter.php(340): CodeIgniter\CodeIgniter->handleRequest()
 9 SYSTEMPATH/Boot.php(417): CodeIgniter\CodeIgniter->run()
10 SYSTEMPATH/Boot.php(68): CodeIgniter\Boot::runCodeIgniter()
11 FCPATH/index.php(59): CodeIgniter\Boot::bootWeb()
CRITICAL - 2026-05-08 21:17:18 --> CodeIgniter\Database\Exceptions\DataException: There is no data to update.
[Method: POST, Route: codes/valider]
in SYSTEMPATH/BaseModel.php on line 1057.
 1 SYSTEMPATH/BaseModel.php(1057): CodeIgniter\Database\Exceptions\DataException::forEmptyDataset()
 2 SYSTEMPATH/Model.php(709): CodeIgniter\BaseModel->update()
 3 APPPATH/Controllers/CodeController.php(123): CodeIgniter\Model->update()
 4 SYSTEMPATH/CodeIgniter.php(951): App\Controllers\CodeController->validerCode()
 5 SYSTEMPATH/CodeIgniter.php(497): CodeIgniter\CodeIgniter->runController()
 6 SYSTEMPATH/CodeIgniter.php(340): CodeIgniter\CodeIgniter->handleRequest()
 7 SYSTEMPATH/Boot.php(417): CodeIgniter\CodeIgniter->run()
 8 SYSTEMPATH/Boot.php(68): CodeIgniter\Boot::runCodeIgniter()
 9 FCPATH/index.php(59): CodeIgniter\Boot::bootWeb()
CRITICAL - 2026-05-08 21:17:40 --> CodeIgniter\Database\Exceptions\DataException: There is no data to update.
[Method: POST, Route: codes/valider]
in SYSTEMPATH/BaseModel.php on line 1057.
 1 SYSTEMPATH/BaseModel.php(1057): CodeIgniter\Database\Exceptions\DataException::forEmptyDataset()
 2 SYSTEMPATH/Model.php(709): CodeIgniter\BaseModel->update()
 3 APPPATH/Controllers/CodeController.php(123): CodeIgniter\Model->update()
 4 SYSTEMPATH/CodeIgniter.php(951): App\Controllers\CodeController->validerCode()
 5 SYSTEMPATH/CodeIgniter.php(497): CodeIgniter\CodeIgniter->runController()
 6 SYSTEMPATH/CodeIgniter.php(340): CodeIgniter\CodeIgniter->handleRequest()
 7 SYSTEMPATH/Boot.php(417): CodeIgniter\CodeIgniter->run()
 8 SYSTEMPATH/Boot.php(68): CodeIgniter\Boot::runCodeIgniter()
 9 FCPATH/index.php(59): CodeIgniter\Boot::bootWeb()
ERROR - 2026-05-08 21:18:42 --> Erreur lors de la validation du code: There is no data to update.
>>>>>>> 5cbe680670520581a09b05ac7520dabe7b66e7f9
